point_index,timestamp_utc,status,setpoints_json,measurements_json,trace_name,trace_points,trace_peak_dbm
0,2026-09-03T07:58:43.425900+00:00,ok,"{""keithley.B.current"": 0.0, ""rigol.1.frequency"": 100000.0, ""rigol.1.high_level"": 0.001, ""rigol.1.low_level"": -0.001}",{},TRAC1,10001,-43.001564
1,2026-09-03T07:58:43.620263+00:00,ok,"{""keithley.B.current"": 0.0, ""rigol.1.frequency"": 402020.20202, ""rigol.1.high_level"": 0.001, ""rigol.1.low_level"": -0.001}",{},TRAC1,10001,-43.03164000000001
2,2026-09-03T07:58:43.915097+00:00,ok,"{""keithley.B.current"": 0.0, ""rigol.1.frequency"": 704040.40404, ""rigol.1.high_level"": 0.001, ""rigol.1.low_level"": -0.001}",{},TRAC1,10001,-43.023301
3,2026-09-03T07:58:44.087514+00:00,ok,"{""keithley.B.current"": 0.0, ""rigol.1.frequency"": 1006060.60606, ""rigol.1.high_level"": 0.001, ""rigol.1.low_level"": -0.001}",{},TRAC1,10001,-42.974943999999994
4,2026-09-03T07:58:44.289359+00:00,ok,"{""keithley.B.current"": 0.0, ""rigol.1.frequency"": 1308080.80808, ""rigol.1.high_level"": 0.001, ""rigol.1.low_level"": -0.001}",{},TRAC1,10001,-43.017211
5,2026-09-03T07:58:44.480659+00:00,ok,"{""keithley.B.current"": 0.0, ""rigol.1.frequency"": 1610101.0101, ""rigol.1.high_level"": 0.001, ""rigol.1.low_level"": -0.001}",{},TRAC1,10001,-42.949646
6,2026-09-03T07:58:44.585480+00:00,ok,"{""keithley.B.current"": 0.0, ""rigol.1.frequency"": 1912121.21212, ""rigol.1.high_level"": 0.001, ""rigol.1.low_level"": -0.001}",{},TRAC1,10001,-42.967281
7,2026-09-03T07:58:44.751565+00:00,ok,"{""keithley.B.current"": 0.0, ""rigol.1.frequency"": 2214141.41414, ""rigol.1.high_level"": 0.001, ""rigol.1.low_level"": -0.001}",{},TRAC1,10001,-42.92731
8,2026-09-03T07:58:44.972332+00:00,ok,"{""keithley.B.current"": 0.0, ""rigol.1.frequency"": 2516161.61616, ""rigol.1.high_level"": 0.001, ""rigol.1.low_level"": -0.001}",{},TRAC1,10001,-42.907953
9,2026-09-03T07:58:45.136824+00:00,ok,"{""keithley.B.current"": 0.0, ""rigol.1.frequency"": 2818181.81818, ""rigol.1.high_level"": 0.001, ""rigol.1.low_level"": -0.001}",{},TRAC1,10001,-42.931484
10,2026-09-03T07:58:45.236513+00:00,ok,"{""keithley.B.current"": 0.0, ""rigol.1.frequency"": 3120202.0202, ""rigol.1.high_level"": 0.001, ""rigol.1.low_level"": -0.001}",{},TRAC1,10001,-42.93841
11,2026-09-03T07:58:45.404515+00:00,ok,"{""keithley.B.current"": 0.0, ""rigol.1.frequency"": 3422222.22222, ""rigol.1.high_level"": 0.001, ""rigol.1.low_level"": -0.001}",{},TRAC1,10001,-42.889026
12,2026-09-03T07:58:45.569175+00:00,ok,"{""keithley.B.current"": 0.0, ""rigol.1.frequency"": 3724242.42424, ""rigol.1.high_level"": 0.001, ""rigol.1.low_level"": -0.001}",{},TRAC1,10001,-42.887634
13,2026-09-03T07:58:45.804699+00:00,ok,"{""keithley.B.current"": 0.0, ""rigol.1.frequency"": 4026262.62626, ""rigol.1.high_level"": 0.001, ""rigol.1.low_level"": -0.001}",{},TRAC1,10001,-42.890416
14,2026-09-03T07:58:45.960710+00:00,ok,"{""keithley.B.current"": 0.0, ""rigol.1.frequency"": 4328282.82828, ""rigol.1.high_level"": 0.001, ""rigol.1.low_level"": -0.001}",{},TRAC1,10001,-42.92775900000001
15,2026-09-03T07:58:46.069961+00:00,ok,"{""keithley.B.current"": 0.0, ""rigol.1.frequency"": 4630303.0303, ""rigol.1.high_level"": 0.001, ""rigol.1.low_level"": -0.001}",{},TRAC1,10001,-42.930239
16,2026-09-03T07:58:46.228633+00:00,ok,"{""keithley.B.current"": 0.0, ""rigol.1.frequency"": 4932323.23232, ""rigol.1.high_level"": 0.001, ""rigol.1.low_level"": -0.001}",{},TRAC1,10001,-42.884387
17,2026-09-03T07:58:46.339710+00:00,ok,"{""keithley.B.current"": 0.0, ""rigol.1.frequency"": 5234343.43434, ""rigol.1.high_level"": 0.001, ""rigol.1.low_level"": -0.001}",{},TRAC1,10001,-42.893045
18,2026-09-03T07:58:46.523013+00:00,ok,"{""keithley.B.current"": 0.0, ""rigol.1.frequency"": 5536363.63636, ""rigol.1.high_level"": 0.001, ""rigol.1.low_level"": -0.001}",{},TRAC1,10001,-42.903798
19,2026-09-03T07:58:46.715214+00:00,ok,"{""keithley.B.current"": 0.0, ""rigol.1.frequency"": 5838383.83838, ""rigol.1.high_level"": 0.001, ""rigol.1.low_level"": -0.001}",{},TRAC1,10001,-42.9264
20,2026-09-03T07:58:46.927223+00:00,ok,"{""keithley.B.current"": 0.0, ""rigol.1.frequency"": 6140404.0404, ""rigol.1.high_level"": 0.001, ""rigol.1.low_level"": -0.001}",{},TRAC1,10001,-42.871133
21,2026-09-03T07:58:47.054457+00:00,ok,"{""keithley.B.current"": 0.0, ""rigol.1.frequency"": 6442424.24242, ""rigol.1.high_level"": 0.001, ""rigol.1.low_level"": -0.001}",{},TRAC1,10001,-42.92565
22,2026-09-03T07:58:47.197261+00:00,ok,"{""keithley.B.current"": 0.0, ""rigol.1.frequency"": 6744444.44444, ""rigol.1.high_level"": 0.001, ""rigol.1.low_level"": -0.001}",{},TRAC1,10001,-42.900711
23,2026-09-03T07:58:47.301001+00:00,ok,"{""keithley.B.current"": 0.0, ""rigol.1.frequency"": 7046464.64646, ""rigol.1.high_level"": 0.001, ""rigol.1.low_level"": -0.001}",{},TRAC1,10001,-42.895613
24,2026-09-03T07:58:47.480489+00:00,ok,"{""keithley.B.current"": 0.0, ""rigol.1.frequency"": 7348484.84849, ""rigol.1.high_level"": 0.001, ""rigol.1.low_level"": -0.001}",{},TRAC1,10001,-42.897176
25,2026-09-03T07:58:47.584109+00:00,ok,"{""keithley.B.current"": 0.0, ""rigol.1.frequency"": 7650505.05051, ""rigol.1.high_level"": 0.001, ""rigol.1.low_level"": -0.001}",{},TRAC1,10001,-42.934561
26,2026-09-03T07:58:47.753478+00:00,ok,"{""keithley.B.current"": 0.0, ""rigol.1.frequency"": 7952525.25252, ""rigol.1.high_level"": 0.001, ""rigol.1.low_level"": -0.001}",{},TRAC1,10001,-42.956566
27,2026-09-03T07:58:47.953475+00:00,ok,"{""keithley.B.current"": 0.0, ""rigol.1.frequency"": 8254545.45454, ""rigol.1.high_level"": 0.001, ""rigol.1.low_level"": -0.001}",{},TRAC1,10001,-42.988412
28,2026-09-03T07:58:48.195532+00:00,ok,"{""keithley.B.current"": 0.0, ""rigol.1.frequency"": 8556565.65657, ""rigol.1.high_level"": 0.001, ""rigol.1.low_level"": -0.001}",{},TRAC1,10001,-42.978402
29,2026-09-03T07:58:48.309008+00:00,ok,"{""keithley.B.current"": 0.0, ""rigol.1.frequency"": 8858585.85859, ""rigol.1.high_level"": 0.001, ""rigol.1.low_level"": -0.001}",{},TRAC1,10001,-43.037375
30,2026-09-03T07:58:48.476926+00:00,ok,"{""keithley.B.current"": 0.0, ""rigol.1.frequency"": 9160606.06061, ""rigol.1.high_level"": 0.001, ""rigol.1.low_level"": -0.001}",{},TRAC1,10001,-43.079064
31,2026-09-03T07:58:48.637533+00:00,ok,"{""keithley.B.current"": 0.0, ""rigol.1.frequency"": 9462626.26263, ""rigol.1.high_level"": 0.001, ""rigol.1.low_level"": -0.001}",{},TRAC1,10001,-43.035003
32,2026-09-03T07:58:48.830818+00:00,ok,"{""keithley.B.current"": 0.0, ""rigol.1.frequency"": 9764646.46465, ""rigol.1.high_level"": 0.001, ""rigol.1.low_level"": -0.001}",{},TRAC1,10001,-43.049641
33,2026-09-03T07:58:49.033052+00:00,ok,"{""keithley.B.current"": 0.0, ""rigol.1.frequency"": 10066666.6667, ""rigol.1.high_level"": 0.001, ""rigol.1.low_level"": -0.001}",{},TRAC1,10001,-43.074128
34,2026-09-03T07:58:49.202220+00:00,ok,"{""keithley.B.current"": 0.0, ""rigol.1.frequency"": 10368686.8687, ""rigol.1.high_level"": 0.001, ""rigol.1.low_level"": -0.001}",{},TRAC1,10001,-43.10672699999999
35,2026-09-03T07:58:49.310362+00:00,ok,"{""keithley.B.current"": 0.0, ""rigol.1.frequency"": 10670707.0707, ""rigol.1.high_level"": 0.001, ""rigol.1.low_level"": -0.001}",{},TRAC1,10001,-43.151945999999995
36,2026-09-03T07:58:49.468947+00:00,ok,"{""keithley.B.current"": 0.0, ""rigol.1.frequency"": 10972727.2727, ""rigol.1.high_level"": 0.001, ""rigol.1.low_level"": -0.001}",{},TRAC1,10001,-43.129823
37,2026-09-03T07:58:49.574402+00:00,ok,"{""keithley.B.current"": 0.0, ""rigol.1.frequency"": 11274747.4747, ""rigol.1.high_level"": 0.001, ""rigol.1.low_level"": -0.001}",{},TRAC1,10001,-43.190861
38,2026-09-03T07:58:49.743737+00:00,ok,"{""keithley.B.current"": 0.0, ""rigol.1.frequency"": 11576767.6768, ""rigol.1.high_level"": 0.001, ""rigol.1.low_level"": -0.001}",{},TRAC1,10001,-43.162559
39,2026-09-03T07:58:49.922065+00:00,ok,"{""keithley.B.current"": 0.0, ""rigol.1.frequency"": 11878787.8788, ""rigol.1.high_level"": 0.001, ""rigol.1.low_level"": -0.001}",{},TRAC1,10001,-43.135303
40,2026-09-03T07:58:50.039242+00:00,ok,"{""keithley.B.current"": 0.0, ""rigol.1.frequency"": 12180808.0808, ""rigol.1.high_level"": 0.001, ""rigol.1.low_level"": -0.001}",{},TRAC1,10001,-43.160670999999994
41,2026-09-03T07:58:50.258640+00:00,ok,"{""keithley.B.current"": 0.0, ""rigol.1.frequency"": 12482828.2828, ""rigol.1.high_level"": 0.001, ""rigol.1.low_level"": -0.001}",{},TRAC1,10001,-43.124947000000006
42,2026-09-03T07:58:50.410395+00:00,ok,"{""keithley.B.current"": 0.0, ""rigol.1.frequency"": 12784848.4848, ""rigol.1.high_level"": 0.001, ""rigol.1.low_level"": -0.001}",{},TRAC1,10001,-43.061679
43,2026-09-03T07:58:50.520165+00:00,ok,"{""keithley.B.current"": 0.0, ""rigol.1.frequency"": 13086868.6869, ""rigol.1.high_level"": 0.001, ""rigol.1.low_level"": -0.001}",{},TRAC1,10001,-43.093446
44,2026-09-03T07:58:50.688405+00:00,ok,"{""keithley.B.current"": 0.0, ""rigol.1.frequency"": 13388888.8889, ""rigol.1.high_level"": 0.001, ""rigol.1.low_level"": -0.001}",{},TRAC1,10001,-43.00807499999999
45,2026-09-03T07:58:50.808739+00:00,ok,"{""keithley.B.current"": 0.0, ""rigol.1.frequency"": 13690909.0909, ""rigol.1.high_level"": 0.001, ""rigol.1.low_level"": -0.001}",{},TRAC1,10001,-42.99737399999999
46,2026-09-03T07:58:50.977926+00:00,ok,"{""keithley.B.current"": 0.0, ""rigol.1.frequency"": 13992929.2929, ""rigol.1.high_level"": 0.001, ""rigol.1.low_level"": -0.001}",{},TRAC1,10001,-42.998561
47,2026-09-03T07:58:51.093542+00:00,ok,"{""keithley.B.current"": 0.0, ""rigol.1.frequency"": 14294949.4949, ""rigol.1.high_level"": 0.001, ""rigol.1.low_level"": -0.001}",{},TRAC1,10001,-42.968181
48,2026-09-03T07:58:51.249845+00:00,ok,"{""keithley.B.current"": 0.0, ""rigol.1.frequency"": 14596969.697, ""rigol.1.high_level"": 0.001, ""rigol.1.low_level"": -0.001}",{},TRAC1,10001,-42.943529
49,2026-09-03T07:58:51.354849+00:00,ok,"{""keithley.B.current"": 0.0, ""rigol.1.frequency"": 14898989.899, ""rigol.1.high_level"": 0.001, ""rigol.1.low_level"": -0.001}",{},TRAC1,10001,-42.926823
50,2026-09-03T07:58:51.574770+00:00,ok,"{""keithley.B.current"": 0.0, ""rigol.1.frequency"": 15201010.101, ""rigol.1.high_level"": 0.001, ""rigol.1.low_level"": -0.001}",{},TRAC1,10001,-42.937189000000004
51,2026-09-03T07:58:51.742656+00:00,ok,"{""keithley.B.current"": 0.0, ""rigol.1.frequency"": 15503030.303, ""rigol.1.high_level"": 0.001, ""rigol.1.low_level"": -0.001}",{},TRAC1,10001,-42.93935400000001
52,2026-09-03T07:58:51.924005+00:00,ok,"{""keithley.B.current"": 0.0, ""rigol.1.frequency"": 15805050.5051, ""rigol.1.high_level"": 0.001, ""rigol.1.low_level"": -0.001}",{},TRAC1,10001,-42.921421
53,2026-09-03T07:58:52.094054+00:00,ok,"{""keithley.B.current"": 0.0, ""rigol.1.frequency"": 16107070.7071, ""rigol.1.high_level"": 0.001, ""rigol.1.low_level"": -0.001}",{},TRAC1,10001,-42.925881
54,2026-09-03T07:58:52.198667+00:00,ok,"{""keithley.B.current"": 0.0, ""rigol.1.frequency"": 16409090.9091, ""rigol.1.high_level"": 0.001, ""rigol.1.low_level"": -0.001}",{},TRAC1,10001,-42.88397500000001
55,2026-09-03T07:58:52.371594+00:00,ok,"{""keithley.B.current"": 0.0, ""rigol.1.frequency"": 16711111.1111, ""rigol.1.high_level"": 0.001, ""rigol.1.low_level"": -0.001}",{},TRAC1,10001,-42.897284
56,2026-09-03T07:58:52.499924+00:00,ok,"{""keithley.B.current"": 0.0, ""rigol.1.frequency"": 17013131.3131, ""rigol.1.high_level"": 0.001, ""rigol.1.low_level"": -0.001}",{},TRAC1,10001,-42.91173
57,2026-09-03T07:58:52.691209+00:00,ok,"{""keithley.B.current"": 0.0, ""rigol.1.frequency"": 17315151.5152, ""rigol.1.high_level"": 0.001, ""rigol.1.low_level"": -0.001}",{},TRAC1,10001,-42.880391
58,2026-09-03T07:58:52.843862+00:00,ok,"{""keithley.B.current"": 0.0, ""rigol.1.frequency"": 17617171.7172, ""rigol.1.high_level"": 0.001, ""rigol.1.low_level"": -0.001}",{},TRAC1,10001,-42.894543
59,2026-09-03T07:58:53.064073+00:00,ok,"{""keithley.B.current"": 0.0, ""rigol.1.frequency"": 17919191.9192, ""rigol.1.high_level"": 0.001, ""rigol.1.low_level"": -0.001}",{},TRAC1,10001,-42.87237400000001
60,2026-09-03T07:58:53.215898+00:00,ok,"{""keithley.B.current"": 0.0, ""rigol.1.frequency"": 18221212.1212, ""rigol.1.high_level"": 0.001, ""rigol.1.low_level"": -0.001}",{},TRAC1,10001,-42.876085
61,2026-09-03T07:58:53.379336+00:00,ok,"{""keithley.B.current"": 0.0, ""rigol.1.frequency"": 18523232.3232, ""rigol.1.high_level"": 0.001, ""rigol.1.low_level"": -0.001}",{},TRAC1,10001,-42.879157
62,2026-09-03T07:58:53.487255+00:00,ok,"{""keithley.B.current"": 0.0, ""rigol.1.frequency"": 18825252.5253, ""rigol.1.high_level"": 0.001, ""rigol.1.low_level"": -0.001}",{},TRAC1,10001,-42.878879
63,2026-09-03T07:58:53.662350+00:00,ok,"{""keithley.B.current"": 0.0, ""rigol.1.frequency"": 19127272.7273, ""rigol.1.high_level"": 0.001, ""rigol.1.low_level"": -0.001}",{},TRAC1,10001,-42.889978
64,2026-09-03T07:58:53.786314+00:00,ok,"{""keithley.B.current"": 0.0, ""rigol.1.frequency"": 19429292.9293, ""rigol.1.high_level"": 0.001, ""rigol.1.low_level"": -0.001}",{},TRAC1,10001,-42.913026
65,2026-09-03T07:58:54.011807+00:00,ok,"{""keithley.B.current"": 0.0, ""rigol.1.frequency"": 19731313.1313, ""rigol.1.high_level"": 0.001, ""rigol.1.low_level"": -0.001}",{},TRAC1,10001,-42.896043
66,2026-09-03T07:58:54.120444+00:00,ok,"{""keithley.B.current"": 0.0, ""rigol.1.frequency"": 20033333.3333, ""rigol.1.high_level"": 0.001, ""rigol.1.low_level"": -0.001}",{},TRAC1,10001,-42.922412
67,2026-09-03T07:58:54.285590+00:00,ok,"{""keithley.B.current"": 0.0, ""rigol.1.frequency"": 20335353.5354, ""rigol.1.high_level"": 0.001, ""rigol.1.low_level"": -0.001}",{},TRAC1,10001,-42.92728699999999
68,2026-09-03T07:58:54.473631+00:00,ok,"{""keithley.B.current"": 0.0, ""rigol.1.frequency"": 20637373.7374, ""rigol.1.high_level"": 0.001, ""rigol.1.low_level"": -0.001}",{},TRAC1,10001,-43.100537
69,2026-09-03T07:58:54.642254+00:00,ok,"{""keithley.B.current"": 0.0, ""rigol.1.frequency"": 20939393.9394, ""rigol.1.high_level"": 0.001, ""rigol.1.low_level"": -0.001}",{},TRAC1,10001,-42.942691
70,2026-09-03T07:58:54.795550+00:00,ok,"{""keithley.B.current"": 0.0, ""rigol.1.frequency"": 21241414.1414, ""rigol.1.high_level"": 0.001, ""rigol.1.low_level"": -0.001}",{},TRAC1,10001,-42.969567
71,2026-09-03T07:58:54.976995+00:00,ok,"{""keithley.B.current"": 0.0, ""rigol.1.frequency"": 21543434.3434, ""rigol.1.high_level"": 0.001, ""rigol.1.low_level"": -0.001}",{},TRAC1,10001,-42.953571999999994
72,2026-09-03T07:58:55.097489+00:00,ok,"{""keithley.B.current"": 0.0, ""rigol.1.frequency"": 21845454.5455, ""rigol.1.high_level"": 0.001, ""rigol.1.low_level"": -0.001}",{},TRAC1,10001,-42.999627000000004
73,2026-09-03T07:58:55.272139+00:00,ok,"{""keithley.B.current"": 0.0, ""rigol.1.frequency"": 22147474.7475, ""rigol.1.high_level"": 0.001, ""rigol.1.low_level"": -0.001}",{},TRAC1,10001,-42.986771
74,2026-09-03T07:58:55.399384+00:00,ok,"{""keithley.B.current"": 0.0, ""rigol.1.frequency"": 22449494.9495, ""rigol.1.high_level"": 0.001, ""rigol.1.low_level"": -0.001}",{},TRAC1,10001,-43.007752
75,2026-09-03T07:58:55.558374+00:00,ok,"{""keithley.B.current"": 0.0, ""rigol.1.frequency"": 22751515.1515, ""rigol.1.high_level"": 0.001, ""rigol.1.low_level"": -0.001}",{},TRAC1,10001,-43.045137
76,2026-09-03T07:58:55.721765+00:00,ok,"{""keithley.B.current"": 0.0, ""rigol.1.frequency"": 23053535.3535, ""rigol.1.high_level"": 0.001, ""rigol.1.low_level"": -0.001}",{},TRAC1,10001,-43.04306699999999
77,2026-09-03T07:58:55.956810+00:00,ok,"{""keithley.B.current"": 0.0, ""rigol.1.frequency"": 23355555.5556, ""rigol.1.high_level"": 0.001, ""rigol.1.low_level"": -0.001}",{},TRAC1,10001,-43.061838
78,2026-09-03T07:58:56.079008+00:00,ok,"{""keithley.B.current"": 0.0, ""rigol.1.frequency"": 23657575.7576, ""rigol.1.high_level"": 0.001, ""rigol.1.low_level"": -0.001}",{},TRAC1,10001,-43.08399899999999
79,2026-09-03T07:58:56.241704+00:00,ok,"{""keithley.B.current"": 0.0, ""rigol.1.frequency"": 23959595.9596, ""rigol.1.high_level"": 0.001, ""rigol.1.low_level"": -0.001}",{},TRAC1,10001,-43.116789999999995
80,2026-09-03T07:58:56.404320+00:00,ok,"{""keithley.B.current"": 0.0, ""rigol.1.frequency"": 24261616.1616, ""rigol.1.high_level"": 0.001, ""rigol.1.low_level"": -0.001}",{},TRAC1,10001,-43.170608
81,2026-09-03T07:58:56.540288+00:00,ok,"{""keithley.B.current"": 0.0, ""rigol.1.frequency"": 24563636.3636, ""rigol.1.high_level"": 0.001, ""rigol.1.low_level"": -0.001}",{},TRAC1,10001,-43.17765
82,2026-09-03T07:58:56.680199+00:00,ok,"{""keithley.B.current"": 0.0, ""rigol.1.frequency"": 24865656.5657, ""rigol.1.high_level"": 0.001, ""rigol.1.low_level"": -0.001}",{},TRAC1,10001,-43.150719
83,2026-09-03T07:58:56.843884+00:00,ok,"{""keithley.B.current"": 0.0, ""rigol.1.frequency"": 25167676.7677, ""rigol.1.high_level"": 0.001, ""rigol.1.low_level"": -0.001}",{},TRAC1,10001,-43.134905
84,2026-09-03T07:58:57.053853+00:00,ok,"{""keithley.B.current"": 0.0, ""rigol.1.frequency"": 25469696.9697, ""rigol.1.high_level"": 0.001, ""rigol.1.low_level"": -0.001}",{},TRAC1,10001,-43.114585
85,2026-09-03T07:58:57.212457+00:00,ok,"{""keithley.B.current"": 0.0, ""rigol.1.frequency"": 25771717.1717, ""rigol.1.high_level"": 0.001, ""rigol.1.low_level"": -0.001}",{},TRAC1,10001,-43.074083
86,2026-09-03T07:58:57.382018+00:00,ok,"{""keithley.B.current"": 0.0, ""rigol.1.frequency"": 26073737.3737, ""rigol.1.high_level"": 0.001, ""rigol.1.low_level"": -0.001}",{},TRAC1,10001,-43.056256
87,2026-09-03T07:58:57.615577+00:00,ok,"{""keithley.B.current"": 0.0, ""rigol.1.frequency"": 26375757.5758, ""rigol.1.high_level"": 0.001, ""rigol.1.low_level"": -0.001}",{},TRAC1,10001,-43.063121
88,2026-09-03T07:58:57.770824+00:00,ok,"{""keithley.B.current"": 0.0, ""rigol.1.frequency"": 26677777.7778, ""rigol.1.high_level"": 0.001, ""rigol.1.low_level"": -0.001}",{},TRAC1,10001,-43.04551099999999
89,2026-09-03T07:58:57.959366+00:00,ok,"{""keithley.B.current"": 0.0, ""rigol.1.frequency"": 26979797.9798, ""rigol.1.high_level"": 0.001, ""rigol.1.low_level"": -0.001}",{},TRAC1,10001,-42.982628
90,2026-09-03T07:58:58.076839+00:00,ok,"{""keithley.B.current"": 0.0, ""rigol.1.frequency"": 27281818.1818, ""rigol.1.high_level"": 0.001, ""rigol.1.low_level"": -0.001}",{},TRAC1,10001,-42.967714
91,2026-09-03T07:58:58.232739+00:00,ok,"{""keithley.B.current"": 0.0, ""rigol.1.frequency"": 27583838.3838, ""rigol.1.high_level"": 0.001, ""rigol.1.low_level"": -0.001}",{},TRAC1,10001,-42.970511
92,2026-09-03T07:58:58.401555+00:00,ok,"{""keithley.B.current"": 0.0, ""rigol.1.frequency"": 27885858.5859, ""rigol.1.high_level"": 0.001, ""rigol.1.low_level"": -0.001}",{},TRAC1,10001,-43.00063299999999
93,2026-09-03T07:58:58.577975+00:00,ok,"{""keithley.B.current"": 0.0, ""rigol.1.frequency"": 28187878.7879, ""rigol.1.high_level"": 0.001, ""rigol.1.low_level"": -0.001}",{},TRAC1,10001,-42.954692
94,2026-09-03T07:58:58.753678+00:00,ok,"{""keithley.B.current"": 0.0, ""rigol.1.frequency"": 28489898.9899, ""rigol.1.high_level"": 0.001, ""rigol.1.low_level"": -0.001}",{},TRAC1,10001,-42.923784999999995
95,2026-09-03T07:58:59.020412+00:00,ok,"{""keithley.B.current"": 0.0, ""rigol.1.frequency"": 28791919.1919, ""rigol.1.high_level"": 0.001, ""rigol.1.low_level"": -0.001}",{},TRAC1,10001,-42.965581
96,2026-09-03T07:58:59.219799+00:00,ok,"{""keithley.B.current"": 0.0, ""rigol.1.frequency"": 29093939.3939, ""rigol.1.high_level"": 0.001, ""rigol.1.low_level"": -0.001}",{},TRAC1,10001,-42.933768
97,2026-09-03T07:58:59.366097+00:00,ok,"{""keithley.B.current"": 0.0, ""rigol.1.frequency"": 29395959.596, ""rigol.1.high_level"": 0.001, ""rigol.1.low_level"": -0.001}",{},TRAC1,10001,-42.904894
98,2026-09-03T07:58:59.515862+00:00,ok,"{""keithley.B.current"": 0.0, ""rigol.1.frequency"": 29697979.798, ""rigol.1.high_level"": 0.001, ""rigol.1.low_level"": -0.001}",{},TRAC1,10001,-42.917931
99,2026-09-03T07:58:59.658965+00:00,ok,"{""keithley.B.current"": 0.0, ""rigol.1.frequency"": 30000000.0, ""rigol.1.high_level"": 0.001, ""rigol.1.low_level"": -0.001}",{},TRAC1,10001,-42.886228
100,2026-09-03T07:58:59.910269+00:00,ok,"{""keithley.B.current"": 0.016667, ""rigol.1.frequency"": 100000.0, ""rigol.1.high_level"": 0.001, ""rigol.1.low_level"": -0.001}",{},TRAC1,10001,-42.91653500000001
101,2026-09-03T07:59:00.090793+00:00,ok,"{""keithley.B.current"": 0.016667, ""rigol.1.frequency"": 402020.20202, ""rigol.1.high_level"": 0.001, ""rigol.1.low_level"": -0.001}",{},TRAC1,10001,-42.857647
102,2026-09-03T07:59:00.344355+00:00,ok,"{""keithley.B.current"": 0.016667, ""rigol.1.frequency"": 704040.40404, ""rigol.1.high_level"": 0.001, ""rigol.1.low_level"": -0.001}",{},TRAC1,10001,-42.856265
103,2026-09-03T07:59:00.471176+00:00,ok,"{""keithley.B.current"": 0.016667, ""rigol.1.frequency"": 1006060.60606, ""rigol.1.high_level"": 0.001, ""rigol.1.low_level"": -0.001}",{},TRAC1,10001,-42.874111
104,2026-09-03T07:59:00.679739+00:00,ok,"{""keithley.B.current"": 0.016667, ""rigol.1.frequency"": 1308080.80808, ""rigol.1.high_level"": 0.001, ""rigol.1.low_level"": -0.001}",{},TRAC1,10001,-42.866438
105,2026-09-03T07:59:00.859298+00:00,ok,"{""keithley.B.current"": 0.016667, ""rigol.1.frequency"": 1610101.0101, ""rigol.1.high_level"": 0.001, ""rigol.1.low_level"": -0.001}",{},TRAC1,10001,-42.905843
106,2026-09-03T07:59:01.035459+00:00,ok,"{""keithley.B.current"": 0.016667, ""rigol.1.frequency"": 1912121.21212, ""rigol.1.high_level"": 0.001, ""rigol.1.low_level"": -0.001}",{},TRAC1,10001,-42.880735
107,2026-09-03T07:59:01.148123+00:00,ok,"{""keithley.B.current"": 0.016667, ""rigol.1.frequency"": 2214141.41414, ""rigol.1.high_level"": 0.001, ""rigol.1.low_level"": -0.001}",{},TRAC1,10001,-42.930518
108,2026-09-03T07:59:01.323203+00:00,ok,"{""keithley.B.current"": 0.016667, ""rigol.1.frequency"": 2516161.61616, ""rigol.1.high_level"": 0.001, ""rigol.1.low_level"": -0.001}",{},TRAC1,10001,-42.875261
109,2026-09-03T07:59:01.454106+00:00,ok,"{""keithley.B.current"": 0.016667, ""rigol.1.frequency"": 2818181.81818, ""rigol.1.high_level"": 0.001, ""rigol.1.low_level"": -0.001}",{},TRAC1,10001,-42.907939
110,2026-09-03T07:59:01.652059+00:00,ok,"{""keithley.B.current"": 0.016667, ""rigol.1.frequency"": 3120202.0202, ""rigol.1.high_level"": 0.001, ""rigol.1.low_level"": -0.001}",{},TRAC1,10001,-42.885396
111,2026-09-03T07:59:01.763003+00:00,ok,"{""keithley.B.current"": 0.016667, ""rigol.1.frequency"": 3422222.22222, ""rigol.1.high_level"": 0.001, ""rigol.1.low_level"": -0.001}",{},TRAC1,10001,-42.894503
112,2026-09-03T07:59:02.014913+00:00,ok,"{""keithley.B.current"": 0.016667, ""rigol.1.frequency"": 3724242.42424, ""rigol.1.high_level"": 0.001, ""rigol.1.low_level"": -0.001}",{},TRAC1,10001,-42.945599
113,2026-09-03T07:59:02.125200+00:00,ok,"{""keithley.B.current"": 0.016667, ""rigol.1.frequency"": 4026262.62626, ""rigol.1.high_level"": 0.001, ""rigol.1.low_level"": -0.001}",{},TRAC1,10001,-42.948477
114,2026-09-03T07:59:02.288372+00:00,ok,"{""keithley.B.current"": 0.016667, ""rigol.1.frequency"": 4328282.82828, ""rigol.1.high_level"": 0.001, ""rigol.1.low_level"": -0.001}",{},TRAC1,10001,-42.947223
115,2026-09-03T07:59:02.398936+00:00,ok,"{""keithley.B.current"": 0.016667, ""rigol.1.frequency"": 4630303.0303, ""rigol.1.high_level"": 0.001, ""rigol.1.low_level"": -0.001}",{},TRAC1,10001,-42.941088
116,2026-09-03T07:59:02.603169+00:00,ok,"{""keithley.B.current"": 0.016667, ""rigol.1.frequency"": 4932323.23232, ""rigol.1.high_level"": 0.001, ""rigol.1.low_level"": -0.001}",{},TRAC1,10001,-42.968862
117,2026-09-03T07:59:02.745840+00:00,ok,"{""keithley.B.current"": 0.016667, ""rigol.1.frequency"": 5234343.43434, ""rigol.1.high_level"": 0.001, ""rigol.1.low_level"": -0.001}",{},TRAC1,10001,-43.00762900000001
118,2026-09-03T07:59:02.991880+00:00,ok,"{""keithley.B.current"": 0.016667, ""rigol.1.frequency"": 5536363.63636, ""rigol.1.high_level"": 0.001, ""rigol.1.low_level"": -0.001}",{},TRAC1,10001,-43.009385
119,2026-09-03T07:59:03.112015+00:00,ok,"{""keithley.B.current"": 0.016667, ""rigol.1.frequency"": 5838383.83838, ""rigol.1.high_level"": 0.001, ""rigol.1.low_level"": -0.001}",{},TRAC1,10001,-43.062641
120,2026-09-03T07:59:03.276494+00:00,ok,"{""keithley.B.current"": 0.016667, ""rigol.1.frequency"": 6140404.0404, ""rigol.1.high_level"": 0.001, ""rigol.1.low_level"": -0.001}",{},TRAC1,10001,-43.040847
121,2026-09-03T07:59:03.482920+00:00,ok,"{""keithley.B.current"": 0.016667, ""rigol.1.frequency"": 6442424.24242, ""rigol.1.high_level"": 0.001, ""rigol.1.low_level"": -0.001}",{},TRAC1,10001,-43.088094
122,2026-09-03T07:59:03.655856+00:00,ok,"{""keithley.B.current"": 0.016667, ""rigol.1.frequency"": 6744444.44444, ""rigol.1.high_level"": 0.001, ""rigol.1.low_level"": -0.001}",{},TRAC1,10001,-43.066851
123,2026-09-03T07:59:03.816396+00:00,ok,"{""keithley.B.current"": 0.016667, ""rigol.1.frequency"": 7046464.64646, ""rigol.1.high_level"": 0.001, ""rigol.1.low_level"": -0.001}",{},TRAC1,10001,-43.142597
124,2026-09-03T07:59:03.986577+00:00,ok,"{""keithley.B.current"": 0.016667, ""rigol.1.frequency"": 7348484.84849, ""rigol.1.high_level"": 0.001, ""rigol.1.low_level"": -0.001}",{},TRAC1,10001,-43.12106
125,2026-09-03T07:59:04.100566+00:00,ok,"{""keithley.B.current"": 0.016667, ""rigol.1.frequency"": 7650505.05051, ""rigol.1.high_level"": 0.001, ""rigol.1.low_level"": -0.001}",{},TRAC1,10001,-43.178169999999994
126,2026-09-03T07:59:04.265645+00:00,ok,"{""keithley.B.current"": 0.016667, ""rigol.1.frequency"": 7952525.25252, ""rigol.1.high_level"": 0.001, ""rigol.1.low_level"": -0.001}",{},TRAC1,10001,-43.13702
127,2026-09-03T07:59:04.423635+00:00,ok,"{""keithley.B.current"": 0.016667, ""rigol.1.frequency"": 8254545.45454, ""rigol.1.high_level"": 0.001, ""rigol.1.low_level"": -0.001}",{},TRAC1,10001,-43.118343
128,2026-09-03T07:59:04.621077+00:00,ok,"{""keithley.B.current"": 0.016667, ""rigol.1.frequency"": 8556565.65657, ""rigol.1.high_level"": 0.001, ""rigol.1.low_level"": -0.001}",{},TRAC1,10001,-43.093914
129,2026-09-03T07:59:04.798637+00:00,ok,"{""keithley.B.current"": 0.016667, ""rigol.1.frequency"": 8858585.85859, ""rigol.1.high_level"": 0.001, ""rigol.1.low_level"": -0.001}",{},TRAC1,10001,-43.07976099999999
130,2026-09-03T07:59:05.008471+00:00,ok,"{""keithley.B.current"": 0.016667, ""rigol.1.frequency"": 9160606.06061, ""rigol.1.high_level"": 0.001, ""rigol.1.low_level"": -0.001}",{},TRAC1,10001,-43.077401
131,2026-09-03T07:59:05.127063+00:00,ok,"{""keithley.B.current"": 0.016667, ""rigol.1.frequency"": 9462626.26263, ""rigol.1.high_level"": 0.001, ""rigol.1.low_level"": -0.001}",{},TRAC1,10001,-43.040992
132,2026-09-03T07:59:05.302871+00:00,ok,"{""keithley.B.current"": 0.016667, ""rigol.1.frequency"": 9764646.46465, ""rigol.1.high_level"": 0.001, ""rigol.1.low_level"": -0.001}",{},TRAC1,10001,-43.029991
133,2026-09-03T07:59:05.444073+00:00,ok,"{""keithley.B.current"": 0.016667, ""rigol.1.frequency"": 10066666.6667, ""rigol.1.high_level"": 0.001, ""rigol.1.low_level"": -0.001}",{},TRAC1,10001,-43.036013
134,2026-09-03T07:59:05.634940+00:00,ok,"{""keithley.B.current"": 0.016667, ""rigol.1.frequency"": 10368686.8687, ""rigol.1.high_level"": 0.001, ""rigol.1.low_level"": -0.001}",{},TRAC1,10001,-42.99042
135,2026-09-03T07:59:05.744778+00:00,ok,"{""keithley.B.current"": 0.016667, ""rigol.1.frequency"": 10670707.0707, ""rigol.1.high_level"": 0.001, ""rigol.1.low_level"": -0.001}",{},TRAC1,10001,-42.978302
136,2026-09-03T07:59:05.943629+00:00,ok,"{""keithley.B.current"": 0.016667, ""rigol.1.frequency"": 10972727.2727, ""rigol.1.high_level"": 0.001, ""rigol.1.low_level"": -0.001}",{},TRAC1,10001,-42.981094
137,2026-09-03T07:59:06.098804+00:00,ok,"{""keithley.B.current"": 0.016667, ""rigol.1.frequency"": 11274747.4747, ""rigol.1.high_level"": 0.001, ""rigol.1.low_level"": -0.001}",{},TRAC1,10001,-42.919928
138,2026-09-03T07:59:06.295781+00:00,ok,"{""keithley.B.current"": 0.016667, ""rigol.1.frequency"": 11576767.6768, ""rigol.1.high_level"": 0.001, ""rigol.1.low_level"": -0.001}",{},TRAC1,10001,-42.950019
139,2026-09-03T07:59:06.461206+00:00,ok,"{""keithley.B.current"": 0.016667, ""rigol.1.frequency"": 11878787.8788, ""rigol.1.high_level"": 0.001, ""rigol.1.low_level"": -0.001}",{},TRAC1,10001,-42.928459
140,2026-09-03T07:59:06.564828+00:00,ok,"{""keithley.B.current"": 0.016667, ""rigol.1.frequency"": 12180808.0808, ""rigol.1.high_level"": 0.001, ""rigol.1.low_level"": -0.001}",{},TRAC1,10001,-42.931805
141,2026-09-03T07:59:06.724617+00:00,ok,"{""keithley.B.current"": 0.016667, ""rigol.1.frequency"": 12482828.2828, ""rigol.1.high_level"": 0.001, ""rigol.1.low_level"": -0.001}",{},TRAC1,10001,-42.920747
142,2026-09-03T07:59:06.922296+00:00,ok,"{""keithley.B.current"": 0.016667, ""rigol.1.frequency"": 12784848.4848, ""rigol.1.high_level"": 0.001, ""rigol.1.low_level"": -0.001}",{},TRAC1,10001,-42.892282
143,2026-09-03T07:59:07.091714+00:00,ok,"{""keithley.B.current"": 0.016667, ""rigol.1.frequency"": 13086868.6869, ""rigol.1.high_level"": 0.001, ""rigol.1.low_level"": -0.001}",{},TRAC1,10001,-42.915304
144,2026-09-03T07:59:07.210080+00:00,ok,"{""keithley.B.current"": 0.016667, ""rigol.1.frequency"": 13388888.8889, ""rigol.1.high_level"": 0.001, ""rigol.1.low_level"": -0.001}",{},TRAC1,10001,-42.857387
145,2026-09-03T07:59:07.408479+00:00,ok,"{""keithley.B.current"": 0.016667, ""rigol.1.frequency"": 13690909.0909, ""rigol.1.high_level"": 0.001, ""rigol.1.low_level"": -0.001}",{},TRAC1,10001,-42.907766
146,2026-09-03T07:59:07.563371+00:00,ok,"{""keithley.B.current"": 0.016667, ""rigol.1.frequency"": 13992929.2929, ""rigol.1.high_level"": 0.001, ""rigol.1.low_level"": -0.001}",{},TRAC1,10001,-42.94774099999999
147,2026-09-03T07:59:07.722349+00:00,ok,"{""keithley.B.current"": 0.016667, ""rigol.1.frequency"": 14294949.4949, ""rigol.1.high_level"": 0.001, ""rigol.1.low_level"": -0.001}",{},TRAC1,10001,-42.86834900000001
148,2026-09-03T07:59:07.933743+00:00,ok,"{""keithley.B.current"": 0.016667, ""rigol.1.frequency"": 14596969.697, ""rigol.1.high_level"": 0.001, ""rigol.1.low_level"": -0.001}",{},TRAC1,10001,-42.887465000000006
149,2026-09-03T07:59:08.100277+00:00,ok,"{""keithley.B.current"": 0.016667, ""rigol.1.frequency"": 14898989.899, ""rigol.1.high_level"": 0.001, ""rigol.1.low_level"": -0.001}",{},TRAC1,10001,-42.872126
150,2026-09-03T07:59:08.206579+00:00,ok,"{""keithley.B.current"": 0.016667, ""rigol.1.frequency"": 15201010.101, ""rigol.1.high_level"": 0.001, ""rigol.1.low_level"": -0.001}",{},TRAC1,10001,-42.886697
151,2026-09-03T07:59:08.370581+00:00,ok,"{""keithley.B.current"": 0.016667, ""rigol.1.frequency"": 15503030.303, ""rigol.1.high_level"": 0.001, ""rigol.1.low_level"": -0.001}",{},TRAC1,10001,-42.875119
152,2026-09-03T07:59:08.548490+00:00,ok,"{""keithley.B.current"": 0.016667, ""rigol.1.frequency"": 15805050.5051, ""rigol.1.high_level"": 0.001, ""rigol.1.low_level"": -0.001}",{},TRAC1,10001,-42.884521
153,2026-09-03T07:59:08.790507+00:00,ok,"{""keithley.B.current"": 0.016667, ""rigol.1.frequency"": 16107070.7071, ""rigol.1.high_level"": 0.001, ""rigol.1.low_level"": -0.001}",{},TRAC1,10001,-42.910869
154,2026-09-03T07:59:08.982724+00:00,ok,"{""keithley.B.current"": 0.016667, ""rigol.1.frequency"": 16409090.9091, ""rigol.1.high_level"": 0.001, ""rigol.1.low_level"": -0.001}",{},TRAC1,10001,-42.972946
155,2026-09-03T07:59:09.157474+00:00,ok,"{""keithley.B.current"": 0.016667, ""rigol.1.frequency"": 16711111.1111, ""rigol.1.high_level"": 0.001, ""rigol.1.low_level"": -0.001}",{},TRAC1,10001,-42.893666
156,2026-09-03T07:59:09.344709+00:00,ok,"{""keithley.B.current"": 0.016667, ""rigol.1.frequency"": 17013131.3131, ""rigol.1.high_level"": 0.001, ""rigol.1.low_level"": -0.001}",{},TRAC1,10001,-42.931813
157,2026-09-03T07:59:09.523522+00:00,ok,"{""keithley.B.current"": 0.016667, ""rigol.1.frequency"": 17315151.5152, ""rigol.1.high_level"": 0.001, ""rigol.1.low_level"": -0.001}",{},TRAC1,10001,-42.923354
158,2026-09-03T07:59:09.645523+00:00,ok,"{""keithley.B.current"": 0.016667, ""rigol.1.frequency"": 17617171.7172, ""rigol.1.high_level"": 0.001, ""rigol.1.low_level"": -0.001}",{},TRAC1,10001,-42.93701900000001
159,2026-09-03T07:59:09.831786+00:00,ok,"{""keithley.B.current"": 0.016667, ""rigol.1.frequency"": 17919191.9192, ""rigol.1.high_level"": 0.001, ""rigol.1.low_level"": -0.001}",{},TRAC1,10001,-42.998783
160,2026-09-03T07:59:10.031896+00:00,ok,"{""keithley.B.current"": 0.016667, ""rigol.1.frequency"": 18221212.1212, ""rigol.1.high_level"": 0.001, ""rigol.1.low_level"": -0.001}",{},TRAC1,10001,-42.962453
161,2026-09-03T07:59:10.203707+00:00,ok,"{""keithley.B.current"": 0.016667, ""rigol.1.frequency"": 18523232.3232, ""rigol.1.high_level"": 0.001, ""rigol.1.low_level"": -0.001}",{},TRAC1,10001,-43.003269
162,2026-09-03T07:59:10.305802+00:00,ok,"{""keithley.B.current"": 0.016667, ""rigol.1.frequency"": 18825252.5253, ""rigol.1.high_level"": 0.001, ""rigol.1.low_level"": -0.001}",{},TRAC1,10001,-43.016395
163,2026-09-03T07:59:10.492146+00:00,ok,"{""keithley.B.current"": 0.016667, ""rigol.1.frequency"": 19127272.7273, ""rigol.1.high_level"": 0.001, ""rigol.1.low_level"": -0.001}",{},TRAC1,10001,-43.082848
164,2026-09-03T07:59:10.613359+00:00,ok,"{""keithley.B.current"": 0.016667, ""rigol.1.frequency"": 19429292.9293, ""rigol.1.high_level"": 0.001, ""rigol.1.low_level"": -0.001}",{},TRAC1,10001,-43.035295
165,2026-09-03T07:59:10.814602+00:00,ok,"{""keithley.B.current"": 0.016667, ""rigol.1.frequency"": 19731313.1313, ""rigol.1.high_level"": 0.001, ""rigol.1.low_level"": -0.001}",{},TRAC1,10001,-43.116984
166,2026-09-03T07:59:10.978363+00:00,ok,"{""keithley.B.current"": 0.016667, ""rigol.1.frequency"": 20033333.3333, ""rigol.1.high_level"": 0.001, ""rigol.1.low_level"": -0.001}",{},TRAC1,10001,-43.094776
167,2026-09-03T07:59:11.105246+00:00,ok,"{""keithley.B.current"": 0.016667, ""rigol.1.frequency"": 20335353.5354, ""rigol.1.high_level"": 0.001, ""rigol.1.low_level"": -0.001}",{},TRAC1,10001,-43.108056000000005
168,2026-09-03T07:59:11.287714+00:00,ok,"{""keithley.B.current"": 0.016667, ""rigol.1.frequency"": 20637373.7374, ""rigol.1.high_level"": 0.001, ""rigol.1.low_level"": -0.001}",{},TRAC1,10001,-43.141943999999995
169,2026-09-03T07:59:11.399869+00:00,ok,"{""keithley.B.current"": 0.016667, ""rigol.1.frequency"": 20939393.9394, ""rigol.1.high_level"": 0.001, ""rigol.1.low_level"": -0.001}",{},TRAC1,10001,-43.187764
170,2026-09-03T07:59:11.563767+00:00,ok,"{""keithley.B.current"": 0.016667, ""rigol.1.frequency"": 21241414.1414, ""rigol.1.high_level"": 0.001, ""rigol.1.low_level"": -0.001}",{},TRAC1,10001,-43.201633
171,2026-09-03T07:59:11.680459+00:00,ok,"{""keithley.B.current"": 0.016667, ""rigol.1.frequency"": 21543434.3434, ""rigol.1.high_level"": 0.001, ""rigol.1.low_level"": -0.001}",{},TRAC1,10001,-43.112415
172,2026-09-03T07:59:11.867866+00:00,ok,"{""keithley.B.current"": 0.016667, ""rigol.1.frequency"": 21845454.5455, ""rigol.1.high_level"": 0.001, ""rigol.1.low_level"": -0.001}",{},TRAC1,10001,-43.143945
173,2026-09-03T07:59:11.980811+00:00,ok,"{""keithley.B.current"": 0.016667, ""rigol.1.frequency"": 22147474.7475, ""rigol.1.high_level"": 0.001, ""rigol.1.low_level"": -0.001}",{},TRAC1,10001,-43.073747
174,2026-09-03T07:59:12.186956+00:00,ok,"{""keithley.B.current"": 0.016667, ""rigol.1.frequency"": 22449494.9495, ""rigol.1.high_level"": 0.001, ""rigol.1.low_level"": -0.001}",{},TRAC1,10001,-43.07157
175,2026-09-03T07:59:12.400488+00:00,ok,"{""keithley.B.current"": 0.016667, ""rigol.1.frequency"": 22751515.1515, ""rigol.1.high_level"": 0.001, ""rigol.1.low_level"": -0.001}",{},TRAC1,10001,-43.036838
176,2026-09-03T07:59:12.521722+00:00,ok,"{""keithley.B.current"": 0.016667, ""rigol.1.frequency"": 23053535.3535, ""rigol.1.high_level"": 0.001, ""rigol.1.low_level"": -0.001}",{},TRAC1,10001,-43.034729
177,2026-09-03T07:59:12.677823+00:00,ok,"{""keithley.B.current"": 0.016667, ""rigol.1.frequency"": 23355555.5556, ""rigol.1.high_level"": 0.001, ""rigol.1.low_level"": -0.001}",{},TRAC1,10001,-42.991259
178,2026-09-03T07:59:12.891717+00:00,ok,"{""keithley.B.current"": 0.016667, ""rigol.1.frequency"": 23657575.7576, ""rigol.1.high_level"": 0.001, ""rigol.1.low_level"": -0.001}",{},TRAC1,10001,-42.997051
179,2026-09-03T07:59:13.063732+00:00,ok,"{""keithley.B.current"": 0.016667, ""rigol.1.frequency"": 23959595.9596, ""rigol.1.high_level"": 0.001, ""rigol.1.low_level"": -0.001}",{},TRAC1,10001,-43.009315
180,2026-09-03T07:59:13.191103+00:00,ok,"{""keithley.B.current"": 0.016667, ""rigol.1.frequency"": 24261616.1616, ""rigol.1.high_level"": 0.001, ""rigol.1.low_level"": -0.001}",{},TRAC1,10001,-42.94525800000001
181,2026-09-03T07:59:13.366196+00:00,ok,"{""keithley.B.current"": 0.016667, ""rigol.1.frequency"": 24563636.3636, ""rigol.1.high_level"": 0.001, ""rigol.1.low_level"": -0.001}",{},TRAC1,10001,-42.931167
182,2026-09-03T07:59:13.472278+00:00,ok,"{""keithley.B.current"": 0.016667, ""rigol.1.frequency"": 24865656.5657, ""rigol.1.high_level"": 0.001, ""rigol.1.low_level"": -0.001}",{},TRAC1,10001,-42.9396
183,2026-09-03T07:59:13.708811+00:00,ok,"{""keithley.B.current"": 0.016667, ""rigol.1.frequency"": 25167676.7677, ""rigol.1.high_level"": 0.001, ""rigol.1.low_level"": -0.001}",{},TRAC1,10001,-42.904538
184,2026-09-03T07:59:13.924476+00:00,ok,"{""keithley.B.current"": 0.016667, ""rigol.1.frequency"": 25469696.9697, ""rigol.1.high_level"": 0.001, ""rigol.1.low_level"": -0.001}",{},TRAC1,10001,-42.929635
185,2026-09-03T07:59:14.088462+00:00,ok,"{""keithley.B.current"": 0.016667, ""rigol.1.frequency"": 25771717.1717, ""rigol.1.high_level"": 0.001, ""rigol.1.low_level"": -0.001}",{},TRAC1,10001,-42.900232
186,2026-09-03T07:59:14.204704+00:00,ok,"{""keithley.B.current"": 0.016667, ""rigol.1.frequency"": 26073737.3737, ""rigol.1.high_level"": 0.001, ""rigol.1.low_level"": -0.001}",{},TRAC1,10001,-42.892212
187,2026-09-03T07:59:14.364186+00:00,ok,"{""keithley.B.current"": 0.016667, ""rigol.1.frequency"": 26375757.5758, ""rigol.1.high_level"": 0.001, ""rigol.1.low_level"": -0.001}",{},TRAC1,10001,-42.868158
188,2026-09-03T07:59:14.498019+00:00,ok,"{""keithley.B.current"": 0.016667, ""rigol.1.frequency"": 26677777.7778, ""rigol.1.high_level"": 0.001, ""rigol.1.low_level"": -0.001}",{},TRAC1,10001,-42.870407
189,2026-09-03T07:59:14.688166+00:00,ok,"{""keithley.B.current"": 0.016667, ""rigol.1.frequency"": 26979797.9798, ""rigol.1.high_level"": 0.001, ""rigol.1.low_level"": -0.001}",{},TRAC1,10001,-42.86493999999999
190,2026-09-03T07:59:14.815635+00:00,ok,"{""keithley.B.current"": 0.016667, ""rigol.1.frequency"": 27281818.1818, ""rigol.1.high_level"": 0.001, ""rigol.1.low_level"": -0.001}",{},TRAC1,10001,-42.90996200000001
191,2026-09-03T07:59:15.053707+00:00,ok,"{""keithley.B.current"": 0.016667, ""rigol.1.frequency"": 27583838.3838, ""rigol.1.high_level"": 0.001, ""rigol.1.low_level"": -0.001}",{},TRAC1,10001,-42.900024
192,2026-09-03T07:59:15.203026+00:00,ok,"{""keithley.B.current"": 0.016667, ""rigol.1.frequency"": 27885858.5859, ""rigol.1.high_level"": 0.001, ""rigol.1.low_level"": -0.001}",{},TRAC1,10001,-42.928776
193,2026-09-03T07:59:15.394490+00:00,ok,"{""keithley.B.current"": 0.016667, ""rigol.1.frequency"": 28187878.7879, ""rigol.1.high_level"": 0.001, ""rigol.1.low_level"": -0.001}",{},TRAC1,10001,-42.898231
194,2026-09-03T07:59:15.502781+00:00,ok,"{""keithley.B.current"": 0.016667, ""rigol.1.frequency"": 28489898.9899, ""rigol.1.high_level"": 0.001, ""rigol.1.low_level"": -0.001}",{},TRAC1,10001,-42.881417
195,2026-09-03T07:59:15.724111+00:00,ok,"{""keithley.B.current"": 0.016667, ""rigol.1.frequency"": 28791919.1919, ""rigol.1.high_level"": 0.001, ""rigol.1.low_level"": -0.001}",{},TRAC1,10001,-42.89881299999999
196,2026-09-03T07:59:15.873283+00:00,ok,"{""keithley.B.current"": 0.016667, ""rigol.1.frequency"": 29093939.3939, ""rigol.1.high_level"": 0.001, ""rigol.1.low_level"": -0.001}",{},TRAC1,10001,-42.87702
197,2026-09-03T07:59:16.044911+00:00,ok,"{""keithley.B.current"": 0.016667, ""rigol.1.frequency"": 29395959.596, ""rigol.1.high_level"": 0.001, ""rigol.1.low_level"": -0.001}",{},TRAC1,10001,-42.928068
198,2026-09-03T07:59:16.209958+00:00,ok,"{""keithley.B.current"": 0.016667, ""rigol.1.frequency"": 29697979.798, ""rigol.1.high_level"": 0.001, ""rigol.1.low_level"": -0.001}",{},TRAC1,10001,-42.916846
199,2026-09-03T07:59:16.345336+00:00,ok,"{""keithley.B.current"": 0.016667, ""rigol.1.frequency"": 30000000.0, ""rigol.1.high_level"": 0.001, ""rigol.1.low_level"": -0.001}",{},TRAC1,10001,-42.89396500000001
200,2026-09-03T07:59:16.606632+00:00,ok,"{""keithley.B.current"": 0.033333, ""rigol.1.frequency"": 100000.0, ""rigol.1.high_level"": 0.001, ""rigol.1.low_level"": -0.001}",{},TRAC1,10001,-42.941949
201,2026-09-03T07:59:16.830521+00:00,ok,"{""keithley.B.current"": 0.033333, ""rigol.1.frequency"": 402020.20202, ""rigol.1.high_level"": 0.001, ""rigol.1.low_level"": -0.001}",{},TRAC1,10001,-42.929477
202,2026-09-03T07:59:17.011170+00:00,ok,"{""keithley.B.current"": 0.033333, ""rigol.1.frequency"": 704040.40404, ""rigol.1.high_level"": 0.001, ""rigol.1.low_level"": -0.001}",{},TRAC1,10001,-42.928951
203,2026-09-03T07:59:17.178014+00:00,ok,"{""keithley.B.current"": 0.033333, ""rigol.1.frequency"": 1006060.60606, ""rigol.1.high_level"": 0.001, ""rigol.1.low_level"": -0.001}",{},TRAC1,10001,-42.941519
204,2026-09-03T07:59:17.303860+00:00,ok,"{""keithley.B.current"": 0.033333, ""rigol.1.frequency"": 1308080.80808, ""rigol.1.high_level"": 0.001, ""rigol.1.low_level"": -0.001}",{},TRAC1,10001,-42.979169999999996
205,2026-09-03T07:59:17.451136+00:00,ok,"{""keithley.B.current"": 0.033333, ""rigol.1.frequency"": 1610101.0101, ""rigol.1.high_level"": 0.001, ""rigol.1.low_level"": -0.001}",{},TRAC1,10001,-43.03389799999999
206,2026-09-03T07:59:17.622091+00:00,ok,"{""keithley.B.current"": 0.033333, ""rigol.1.frequency"": 1912121.21212, ""rigol.1.high_level"": 0.001, ""rigol.1.low_level"": -0.001}",{},TRAC1,10001,-43.00760699999999
207,2026-09-03T07:59:17.796725+00:00,ok,"{""keithley.B.current"": 0.033333, ""rigol.1.frequency"": 2214141.41414, ""rigol.1.high_level"": 0.001, ""rigol.1.low_level"": -0.001}",{},TRAC1,10001,-43.06096
208,2026-09-03T07:59:18.015178+00:00,ok,"{""keithley.B.current"": 0.033333, ""rigol.1.frequency"": 2516161.61616, ""rigol.1.high_level"": 0.001, ""rigol.1.low_level"": -0.001}",{},TRAC1,10001,-43.037026
209,2026-09-03T07:59:18.190722+00:00,ok,"{""keithley.B.current"": 0.033333, ""rigol.1.frequency"": 2818181.81818, ""rigol.1.high_level"": 0.001, ""rigol.1.low_level"": -0.001}",{},TRAC1,10001,-43.069733
210,2026-09-03T07:59:18.362454+00:00,ok,"{""keithley.B.current"": 0.033333, ""rigol.1.frequency"": 3120202.0202, ""rigol.1.high_level"": 0.001, ""rigol.1.low_level"": -0.001}",{},TRAC1,10001,-43.070711
211,2026-09-03T07:59:18.468389+00:00,ok,"{""keithley.B.current"": 0.033333, ""rigol.1.frequency"": 3422222.22222, ""rigol.1.high_level"": 0.001, ""rigol.1.low_level"": -0.001}",{},TRAC1,10001,-43.147995
212,2026-09-03T07:59:18.647365+00:00,ok,"{""keithley.B.current"": 0.033333, ""rigol.1.frequency"": 3724242.42424, ""rigol.1.high_level"": 0.001, ""rigol.1.low_level"": -0.001}",{},TRAC1,10001,-43.196485
213,2026-09-03T07:59:18.848220+00:00,ok,"{""keithley.B.current"": 0.033333, ""rigol.1.frequency"": 4026262.62626, ""rigol.1.high_level"": 0.001, ""rigol.1.low_level"": -0.001}",{},TRAC1,10001,-43.20751299999999
214,2026-09-03T07:59:18.961159+00:00,ok,"{""keithley.B.current"": 0.033333, ""rigol.1.frequency"": 4328282.82828, ""rigol.1.high_level"": 0.001, ""rigol.1.low_level"": -0.001}",{},TRAC1,10001,-43.188025999999994
215,2026-09-03T07:59:19.231550+00:00,ok,"{""keithley.B.current"": 0.033333, ""rigol.1.frequency"": 4630303.0303, ""rigol.1.high_level"": 0.001, ""rigol.1.low_level"": -0.001}",{},TRAC1,10001,-43.199145
216,2026-09-03T07:59:19.378734+00:00,ok,"{""keithley.B.current"": 0.033333, ""rigol.1.frequency"": 4932323.23232, ""rigol.1.high_level"": 0.001, ""rigol.1.low_level"": -0.001}",{},TRAC1,10001,-43.14636
217,2026-09-03T07:59:19.489478+00:00,ok,"{""keithley.B.current"": 0.033333, ""rigol.1.frequency"": 5234343.43434, ""rigol.1.high_level"": 0.001, ""rigol.1.low_level"": -0.001}",{},TRAC1,10001,-43.08104999999999
218,2026-09-03T07:59:19.653997+00:00,ok,"{""keithley.B.current"": 0.033333, ""rigol.1.frequency"": 5536363.63636, ""rigol.1.high_level"": 0.001, ""rigol.1.low_level"": -0.001}",{},TRAC1,10001,-43.056609
219,2026-09-03T07:59:19.794592+00:00,ok,"{""keithley.B.current"": 0.033333, ""rigol.1.frequency"": 5838383.83838, ""rigol.1.high_level"": 0.001, ""rigol.1.low_level"": -0.001}",{},TRAC1,10001,-43.073688
220,2026-09-03T07:59:20.005826+00:00,ok,"{""keithley.B.current"": 0.033333, ""rigol.1.frequency"": 6140404.0404, ""rigol.1.high_level"": 0.001, ""rigol.1.low_level"": -0.001}",{},TRAC1,10001,-43.058919
221,2026-09-03T07:59:20.119361+00:00,ok,"{""keithley.B.current"": 0.033333, ""rigol.1.frequency"": 6442424.24242, ""rigol.1.high_level"": 0.001, ""rigol.1.low_level"": -0.001}",{},TRAC1,10001,-43.020798
222,2026-09-03T07:59:20.274304+00:00,ok,"{""keithley.B.current"": 0.033333, ""rigol.1.frequency"": 6744444.44444, ""rigol.1.high_level"": 0.001, ""rigol.1.low_level"": -0.001}",{},TRAC1,10001,-42.996494
223,2026-09-03T07:59:20.409419+00:00,ok,"{""keithley.B.current"": 0.033333, ""rigol.1.frequency"": 7046464.64646, ""rigol.1.high_level"": 0.001, ""rigol.1.low_level"": -0.001}",{},TRAC1,10001,-42.949858
224,2026-09-03T07:59:20.580964+00:00,ok,"{""keithley.B.current"": 0.033333, ""rigol.1.frequency"": 7348484.84849, ""rigol.1.high_level"": 0.001, ""rigol.1.low_level"": -0.001}",{},TRAC1,10001,-42.996673
225,2026-09-03T07:59:20.759748+00:00,ok,"{""keithley.B.current"": 0.033333, ""rigol.1.frequency"": 7650505.05051, ""rigol.1.high_level"": 0.001, ""rigol.1.low_level"": -0.001}",{},TRAC1,10001,-42.919229
226,2026-09-03T07:59:20.940729+00:00,ok,"{""keithley.B.current"": 0.033333, ""rigol.1.frequency"": 7952525.25252, ""rigol.1.high_level"": 0.001, ""rigol.1.low_level"": -0.001}",{},TRAC1,10001,-42.970304999999996
227,2026-09-03T07:59:21.061009+00:00,ok,"{""keithley.B.current"": 0.033333, ""rigol.1.frequency"": 8254545.45454, ""rigol.1.high_level"": 0.001, ""rigol.1.low_level"": -0.001}",{},TRAC1,10001,-42.96686
228,2026-09-03T07:59:21.219577+00:00,ok,"{""keithley.B.current"": 0.033333, ""rigol.1.frequency"": 8556565.65657, ""rigol.1.high_level"": 0.001, ""rigol.1.low_level"": -0.001}",{},TRAC1,10001,-42.893936
229,2026-09-03T07:59:21.394996+00:00,ok,"{""keithley.B.current"": 0.033333, ""rigol.1.frequency"": 8858585.85859, ""rigol.1.high_level"": 0.001, ""rigol.1.low_level"": -0.001}",{},TRAC1,10001,-42.906358999999995
230,2026-09-03T07:59:21.511626+00:00,ok,"{""keithley.B.current"": 0.033333, ""rigol.1.frequency"": 9160606.06061, ""rigol.1.high_level"": 0.001, ""rigol.1.low_level"": -0.001}",{},TRAC1,10001,-42.917739
231,2026-09-03T07:59:21.665496+00:00,ok,"{""keithley.B.current"": 0.033333, ""rigol.1.frequency"": 9462626.26263, ""rigol.1.high_level"": 0.001, ""rigol.1.low_level"": -0.001}",{},TRAC1,10001,-42.897727
232,2026-09-03T07:59:21.798993+00:00,ok,"{""keithley.B.current"": 0.033333, ""rigol.1.frequency"": 9764646.46465, ""rigol.1.high_level"": 0.001, ""rigol.1.low_level"": -0.001}",{},TRAC1,10001,-42.894839
233,2026-09-03T07:59:21.972259+00:00,ok,"{""keithley.B.current"": 0.033333, ""rigol.1.frequency"": 10066666.6667, ""rigol.1.high_level"": 0.001, ""rigol.1.low_level"": -0.001}",{},TRAC1,10001,-42.910851
234,2026-09-03T07:59:22.137382+00:00,ok,"{""keithley.B.current"": 0.033333, ""rigol.1.frequency"": 10368686.8687, ""rigol.1.high_level"": 0.001, ""rigol.1.low_level"": -0.001}",{},TRAC1,10001,-42.925067
235,2026-09-03T07:59:22.335742+00:00,ok,"{""keithley.B.current"": 0.033333, ""rigol.1.frequency"": 10670707.0707, ""rigol.1.high_level"": 0.001, ""rigol.1.low_level"": -0.001}",{},TRAC1,10001,-42.897187
236,2026-09-03T07:59:22.493846+00:00,ok,"{""keithley.B.current"": 0.033333, ""rigol.1.frequency"": 10972727.2727, ""rigol.1.high_level"": 0.001, ""rigol.1.low_level"": -0.001}",{},TRAC1,10001,-42.919838999999996
237,2026-09-03T07:59:22.652545+00:00,ok,"{""keithley.B.current"": 0.033333, ""rigol.1.frequency"": 11274747.4747, ""rigol.1.high_level"": 0.001, ""rigol.1.low_level"": -0.001}",{},TRAC1,10001,-42.886747
238,2026-09-03T07:59:22.860814+00:00,ok,"{""keithley.B.current"": 0.033333, ""rigol.1.frequency"": 11576767.6768, ""rigol.1.high_level"": 0.001, ""rigol.1.low_level"": -0.001}",{},TRAC1,10001,-42.888467
239,2026-09-03T07:59:23.018888+00:00,ok,"{""keithley.B.current"": 0.033333, ""rigol.1.frequency"": 11878787.8788, ""rigol.1.high_level"": 0.001, ""rigol.1.low_level"": -0.001}",{},TRAC1,10001,-42.875299
240,2026-09-03T07:59:23.145952+00:00,ok,"{""keithley.B.current"": 0.033333, ""rigol.1.frequency"": 12180808.0808, ""rigol.1.high_level"": 0.001, ""rigol.1.low_level"": -0.001}",{},TRAC1,10001,-42.897594
241,2026-09-03T07:59:23.292506+00:00,ok,"{""keithley.B.current"": 0.033333, ""rigol.1.frequency"": 12482828.2828, ""rigol.1.high_level"": 0.001, ""rigol.1.low_level"": -0.001}",{},TRAC1,10001,-42.914659
242,2026-09-03T07:59:23.452732+00:00,ok,"{""keithley.B.current"": 0.033333, ""rigol.1.frequency"": 12784848.4848, ""rigol.1.high_level"": 0.001, ""rigol.1.low_level"": -0.001}",{},TRAC1,10001,-42.906647
243,2026-09-03T07:59:23.613461+00:00,ok,"{""keithley.B.current"": 0.033333, ""rigol.1.frequency"": 13086868.6869, ""rigol.1.high_level"": 0.001, ""rigol.1.low_level"": -0.001}",{},TRAC1,10001,-42.908704
244,2026-09-03T07:59:23.740226+00:00,ok,"{""keithley.B.current"": 0.033333, ""rigol.1.frequency"": 13388888.8889, ""rigol.1.high_level"": 0.001, ""rigol.1.low_level"": -0.001}",{},TRAC1,10001,-42.939745
245,2026-09-03T07:59:23.961198+00:00,ok,"{""keithley.B.current"": 0.033333, ""rigol.1.frequency"": 13690909.0909, ""rigol.1.high_level"": 0.001, ""rigol.1.low_level"": -0.001}",{},TRAC1,10001,-42.93609699999999
246,2026-09-03T07:59:24.071183+00:00,ok,"{""keithley.B.current"": 0.033333, ""rigol.1.frequency"": 13992929.2929, ""rigol.1.high_level"": 0.001, ""rigol.1.low_level"": -0.001}",{},TRAC1,10001,-42.95316
247,2026-09-03T07:59:24.231901+00:00,ok,"{""keithley.B.current"": 0.033333, ""rigol.1.frequency"": 14294949.4949, ""rigol.1.high_level"": 0.001, ""rigol.1.low_level"": -0.001}",{},TRAC1,10001,-42.957742999999994
248,2026-09-03T07:59:24.339224+00:00,ok,"{""keithley.B.current"": 0.033333, ""rigol.1.frequency"": 14596969.697, ""rigol.1.high_level"": 0.001, ""rigol.1.low_level"": -0.001}",{},TRAC1,10001,-43.013311
249,2026-09-03T07:59:24.509234+00:00,ok,"{""keithley.B.current"": 0.033333, ""rigol.1.frequency"": 14898989.899, ""rigol.1.high_level"": 0.001, ""rigol.1.low_level"": -0.001}",{},TRAC1,10001,-43.023123999999996
250,2026-09-03T07:59:24.633481+00:00,ok,"{""keithley.B.current"": 0.033333, ""rigol.1.frequency"": 15201010.101, ""rigol.1.high_level"": 0.001, ""rigol.1.low_level"": -0.001}",{},TRAC1,10001,-43.083443
251,2026-09-03T07:59:24.854948+00:00,ok,"{""keithley.B.current"": 0.033333, ""rigol.1.frequency"": 15503030.303, ""rigol.1.high_level"": 0.001, ""rigol.1.low_level"": -0.001}",{},TRAC1,10001,-43.016629
252,2026-09-03T07:59:25.035724+00:00,ok,"{""keithley.B.current"": 0.033333, ""rigol.1.frequency"": 15805050.5051, ""rigol.1.high_level"": 0.001, ""rigol.1.low_level"": -0.001}",{},TRAC1,10001,-43.069281
253,2026-09-03T07:59:25.187467+00:00,ok,"{""keithley.B.current"": 0.033333, ""rigol.1.frequency"": 16107070.7071, ""rigol.1.high_level"": 0.001, ""rigol.1.low_level"": -0.001}",{},TRAC1,10001,-43.083357
254,2026-09-03T07:59:25.344135+00:00,ok,"{""keithley.B.current"": 0.033333, ""rigol.1.frequency"": 16409090.9091, ""rigol.1.high_level"": 0.001, ""rigol.1.low_level"": -0.001}",{},TRAC1,10001,-43.073843
255,2026-09-03T07:59:25.507399+00:00,ok,"{""keithley.B.current"": 0.033333, ""rigol.1.frequency"": 16711111.1111, ""rigol.1.high_level"": 0.001, ""rigol.1.low_level"": -0.001}",{},TRAC1,10001,-43.12635999999999
256,2026-09-03T07:59:25.632114+00:00,ok,"{""keithley.B.current"": 0.033333, ""rigol.1.frequency"": 17013131.3131, ""rigol.1.high_level"": 0.001, ""rigol.1.low_level"": -0.001}",{},TRAC1,10001,-43.135867000000005
257,2026-09-03T07:59:25.803219+00:00,ok,"{""keithley.B.current"": 0.033333, ""rigol.1.frequency"": 17315151.5152, ""rigol.1.high_level"": 0.001, ""rigol.1.low_level"": -0.001}",{},TRAC1,10001,-43.16228000000001
258,2026-09-03T07:59:25.926142+00:00,ok,"{""keithley.B.current"": 0.033333, ""rigol.1.frequency"": 17617171.7172, ""rigol.1.high_level"": 0.001, ""rigol.1.low_level"": -0.001}",{},TRAC1,10001,-43.170102
259,2026-09-03T07:59:26.101759+00:00,ok,"{""keithley.B.current"": 0.033333, ""rigol.1.frequency"": 17919191.9192, ""rigol.1.high_level"": 0.001, ""rigol.1.low_level"": -0.001}",{},TRAC1,10001,-43.13796500000001
260,2026-09-03T07:59:26.224112+00:00,ok,"{""keithley.B.current"": 0.033333, ""rigol.1.frequency"": 18221212.1212, ""rigol.1.high_level"": 0.001, ""rigol.1.low_level"": -0.001}",{},TRAC1,10001,-43.174117
261,2026-09-03T07:59:26.420426+00:00,ok,"{""keithley.B.current"": 0.033333, ""rigol.1.frequency"": 18523232.3232, ""rigol.1.high_level"": 0.001, ""rigol.1.low_level"": -0.001}",{},TRAC1,10001,-43.096273
262,2026-09-03T07:59:26.540600+00:00,ok,"{""keithley.B.current"": 0.033333, ""rigol.1.frequency"": 18825252.5253, ""rigol.1.high_level"": 0.001, ""rigol.1.low_level"": -0.001}",{},TRAC1,10001,-43.07142
263,2026-09-03T07:59:26.753904+00:00,ok,"{""keithley.B.current"": 0.033333, ""rigol.1.frequency"": 19127272.7273, ""rigol.1.high_level"": 0.001, ""rigol.1.low_level"": -0.001}",{},TRAC1,10001,-43.0516
264,2026-09-03T07:59:26.965659+00:00,ok,"{""keithley.B.current"": 0.033333, ""rigol.1.frequency"": 19429292.9293, ""rigol.1.high_level"": 0.001, ""rigol.1.low_level"": -0.001}",{},TRAC1,10001,-43.031240999999994
265,2026-09-03T07:59:27.120580+00:00,ok,"{""keithley.B.current"": 0.033333, ""rigol.1.frequency"": 19731313.1313, ""rigol.1.high_level"": 0.001, ""rigol.1.low_level"": -0.001}",{},TRAC1,10001,-42.98354
266,2026-09-03T07:59:27.399112+00:00,ok,"{""keithley.B.current"": 0.033333, ""rigol.1.frequency"": 20033333.3333, ""rigol.1.high_level"": 0.001, ""rigol.1.low_level"": -0.001}",{},TRAC1,10001,-42.964455
267,2026-09-03T07:59:27.510324+00:00,ok,"{""keithley.B.current"": 0.033333, ""rigol.1.frequency"": 20335353.5354, ""rigol.1.high_level"": 0.001, ""rigol.1.low_level"": -0.001}",{},TRAC1,10001,-42.992961
268,2026-09-03T07:59:27.673873+00:00,ok,"{""keithley.B.current"": 0.033333, ""rigol.1.frequency"": 20637373.7374, ""rigol.1.high_level"": 0.001, ""rigol.1.low_level"": -0.001}",{},TRAC1,10001,-42.93798000000001
269,2026-09-03T07:59:27.794789+00:00,ok,"{""keithley.B.current"": 0.033333, ""rigol.1.frequency"": 20939393.9394, ""rigol.1.high_level"": 0.001, ""rigol.1.low_level"": -0.001}",{},TRAC1,10001,-42.929937
270,2026-09-03T07:59:27.985378+00:00,ok,"{""keithley.B.current"": 0.033333, ""rigol.1.frequency"": 21241414.1414, ""rigol.1.high_level"": 0.001, ""rigol.1.low_level"": -0.001}",{},TRAC1,10001,-42.97809
271,2026-09-03T07:59:28.144765+00:00,ok,"{""keithley.B.current"": 0.033333, ""rigol.1.frequency"": 21543434.3434, ""rigol.1.high_level"": 0.001, ""rigol.1.low_level"": -0.001}",{},TRAC1,10001,-42.903384
272,2026-09-03T07:59:28.287181+00:00,ok,"{""keithley.B.current"": 0.033333, ""rigol.1.frequency"": 21845454.5455, ""rigol.1.high_level"": 0.001, ""rigol.1.low_level"": -0.001}",{},TRAC1,10001,-42.901949
273,2026-09-03T07:59:28.437694+00:00,ok,"{""keithley.B.current"": 0.033333, ""rigol.1.frequency"": 22147474.7475, ""rigol.1.high_level"": 0.001, ""rigol.1.low_level"": -0.001}",{},TRAC1,10001,-42.942165
274,2026-09-03T07:59:28.605330+00:00,ok,"{""keithley.B.current"": 0.033333, ""rigol.1.frequency"": 22449494.9495, ""rigol.1.high_level"": 0.001, ""rigol.1.low_level"": -0.001}",{},TRAC1,10001,-42.872272
275,2026-09-03T07:59:28.719837+00:00,ok,"{""keithley.B.current"": 0.033333, ""rigol.1.frequency"": 22751515.1515, ""rigol.1.high_level"": 0.001, ""rigol.1.low_level"": -0.001}",{},TRAC1,10001,-42.895051
276,2026-09-03T07:59:28.918837+00:00,ok,"{""keithley.B.current"": 0.033333, ""rigol.1.frequency"": 23053535.3535, ""rigol.1.high_level"": 0.001, ""rigol.1.low_level"": -0.001}",{},TRAC1,10001,-42.87113599999999
277,2026-09-03T07:59:29.028709+00:00,ok,"{""keithley.B.current"": 0.033333, ""rigol.1.frequency"": 23355555.5556, ""rigol.1.high_level"": 0.001, ""rigol.1.low_level"": -0.001}",{},TRAC1,10001,-42.905945
278,2026-09-03T07:59:29.225389+00:00,ok,"{""keithley.B.current"": 0.033333, ""rigol.1.frequency"": 23657575.7576, ""rigol.1.high_level"": 0.001, ""rigol.1.low_level"": -0.001}",{},TRAC1,10001,-42.876951
279,2026-09-03T07:59:29.387515+00:00,ok,"{""keithley.B.current"": 0.033333, ""rigol.1.frequency"": 23959595.9596, ""rigol.1.high_level"": 0.001, ""rigol.1.low_level"": -0.001}",{},TRAC1,10001,-42.863865
280,2026-09-03T07:59:29.587950+00:00,ok,"{""keithley.B.current"": 0.033333, ""rigol.1.frequency"": 24261616.1616, ""rigol.1.high_level"": 0.001, ""rigol.1.low_level"": -0.001}",{},TRAC1,10001,-42.864398
281,2026-09-03T07:59:29.740227+00:00,ok,"{""keithley.B.current"": 0.033333, ""rigol.1.frequency"": 24563636.3636, ""rigol.1.high_level"": 0.001, ""rigol.1.low_level"": -0.001}",{},TRAC1,10001,-42.88555199999999
282,2026-09-03T07:59:29.948681+00:00,ok,"{""keithley.B.current"": 0.033333, ""rigol.1.frequency"": 24865656.5657, ""rigol.1.high_level"": 0.001, ""rigol.1.low_level"": -0.001}",{},TRAC1,10001,-42.886188000000004
283,2026-09-03T07:59:30.079310+00:00,ok,"{""keithley.B.current"": 0.033333, ""rigol.1.frequency"": 25167676.7677, ""rigol.1.high_level"": 0.001, ""rigol.1.low_level"": -0.001}",{},TRAC1,10001,-42.924169
284,2026-09-03T07:59:30.197359+00:00,ok,"{""keithley.B.current"": 0.033333, ""rigol.1.frequency"": 25469696.9697, ""rigol.1.high_level"": 0.001, ""rigol.1.low_level"": -0.001}",{},TRAC1,10001,-42.920355
285,2026-09-03T07:59:30.466315+00:00,ok,"{""keithley.B.current"": 0.033333, ""rigol.1.frequency"": 25771717.1717, ""rigol.1.high_level"": 0.001, ""rigol.1.low_level"": -0.001}",{},TRAC1,10001,-42.899369
286,2026-09-03T07:59:30.633200+00:00,ok,"{""keithley.B.current"": 0.033333, ""rigol.1.frequency"": 26073737.3737, ""rigol.1.high_level"": 0.001, ""rigol.1.low_level"": -0.001}",{},TRAC1,10001,-42.88034
287,2026-09-03T07:59:30.759777+00:00,ok,"{""keithley.B.current"": 0.033333, ""rigol.1.frequency"": 26375757.5758, ""rigol.1.high_level"": 0.001, ""rigol.1.low_level"": -0.001}",{},TRAC1,10001,-42.954907000000006
288,2026-09-03T07:59:30.923292+00:00,ok,"{""keithley.B.current"": 0.033333, ""rigol.1.frequency"": 26677777.7778, ""rigol.1.high_level"": 0.001, ""rigol.1.low_level"": -0.001}",{},TRAC1,10001,-42.933771
289,2026-09-03T07:59:31.096932+00:00,ok,"{""keithley.B.current"": 0.033333, ""rigol.1.frequency"": 26979797.9798, ""rigol.1.high_level"": 0.001, ""rigol.1.low_level"": -0.001}",{},TRAC1,10001,-42.937181
290,2026-09-03T07:59:31.263671+00:00,ok,"{""keithley.B.current"": 0.033333, ""rigol.1.frequency"": 27281818.1818, ""rigol.1.high_level"": 0.001, ""rigol.1.low_level"": -0.001}",{},TRAC1,10001,-42.931277
291,2026-09-03T07:59:31.421466+00:00,ok,"{""keithley.B.current"": 0.033333, ""rigol.1.frequency"": 27583838.3838, ""rigol.1.high_level"": 0.001, ""rigol.1.low_level"": -0.001}",{},TRAC1,10001,-42.945129
292,2026-09-03T07:59:31.595359+00:00,ok,"{""keithley.B.current"": 0.033333, ""rigol.1.frequency"": 27885858.5859, ""rigol.1.high_level"": 0.001, ""rigol.1.low_level"": -0.001}",{},TRAC1,10001,-43.018433
293,2026-09-03T07:59:31.719179+00:00,ok,"{""keithley.B.current"": 0.033333, ""rigol.1.frequency"": 28187878.7879, ""rigol.1.high_level"": 0.001, ""rigol.1.low_level"": -0.001}",{},TRAC1,10001,-43.015298
294,2026-09-03T07:59:31.899591+00:00,ok,"{""keithley.B.current"": 0.033333, ""rigol.1.frequency"": 28489898.9899, ""rigol.1.high_level"": 0.001, ""rigol.1.low_level"": -0.001}",{},TRAC1,10001,-43.061108
295,2026-09-03T07:59:32.071071+00:00,ok,"{""keithley.B.current"": 0.033333, ""rigol.1.frequency"": 28791919.1919, ""rigol.1.high_level"": 0.001, ""rigol.1.low_level"": -0.001}",{},TRAC1,10001,-43.014483
296,2026-09-03T07:59:32.247301+00:00,ok,"{""keithley.B.current"": 0.033333, ""rigol.1.frequency"": 29093939.3939, ""rigol.1.high_level"": 0.001, ""rigol.1.low_level"": -0.001}",{},TRAC1,10001,-43.036878
297,2026-09-03T07:59:32.363367+00:00,ok,"{""keithley.B.current"": 0.033333, ""rigol.1.frequency"": 29395959.596, ""rigol.1.high_level"": 0.001, ""rigol.1.low_level"": -0.001}",{},TRAC1,10001,-43.106254
298,2026-09-03T07:59:32.541680+00:00,ok,"{""keithley.B.current"": 0.033333, ""rigol.1.frequency"": 29697979.798, ""rigol.1.high_level"": 0.001, ""rigol.1.low_level"": -0.001}",{},TRAC1,10001,-43.094874000000004
299,2026-09-03T07:59:32.718965+00:00,ok,"{""keithley.B.current"": 0.033333, ""rigol.1.frequency"": 30000000.0, ""rigol.1.high_level"": 0.001, ""rigol.1.low_level"": -0.001}",{},TRAC1,10001,-43.17388100000001
300,2026-09-03T07:59:33.058327+00:00,ok,"{""keithley.B.current"": 0.05, ""rigol.1.frequency"": 100000.0, ""rigol.1.high_level"": 0.001, ""rigol.1.low_level"": -0.001}",{},TRAC1,10001,-43.139877
301,2026-09-03T07:59:33.276212+00:00,ok,"{""keithley.B.current"": 0.05, ""rigol.1.frequency"": 402020.20202, ""rigol.1.high_level"": 0.001, ""rigol.1.low_level"": -0.001}",{},TRAC1,10001,-43.1537
302,2026-09-03T07:59:33.399852+00:00,ok,"{""keithley.B.current"": 0.05, ""rigol.1.frequency"": 704040.40404, ""rigol.1.high_level"": 0.001, ""rigol.1.low_level"": -0.001}",{},TRAC1,10001,-43.153690999999995
303,2026-09-03T07:59:33.567046+00:00,ok,"{""keithley.B.current"": 0.05, ""rigol.1.frequency"": 1006060.60606, ""rigol.1.high_level"": 0.001, ""rigol.1.low_level"": -0.001}",{},TRAC1,10001,-43.170511
304,2026-09-03T07:59:33.696507+00:00,ok,"{""keithley.B.current"": 0.05, ""rigol.1.frequency"": 1308080.80808, ""rigol.1.high_level"": 0.001, ""rigol.1.low_level"": -0.001}",{},TRAC1,10001,-43.145014
305,2026-09-03T07:59:33.856523+00:00,ok,"{""keithley.B.current"": 0.05, ""rigol.1.frequency"": 1610101.0101, ""rigol.1.high_level"": 0.001, ""rigol.1.low_level"": -0.001}",{},TRAC1,10001,-43.091139
306,2026-09-03T07:59:34.028261+00:00,ok,"{""keithley.B.current"": 0.05, ""rigol.1.frequency"": 1912121.21212, ""rigol.1.high_level"": 0.001, ""rigol.1.low_level"": -0.001}",{},TRAC1,10001,-43.110156
307,2026-09-03T07:59:34.196764+00:00,ok,"{""keithley.B.current"": 0.05, ""rigol.1.frequency"": 2214141.41414, ""rigol.1.high_level"": 0.001, ""rigol.1.low_level"": -0.001}",{},TRAC1,10001,-43.087312
308,2026-09-03T07:59:34.304273+00:00,ok,"{""keithley.B.current"": 0.05, ""rigol.1.frequency"": 2516161.61616, ""rigol.1.high_level"": 0.001, ""rigol.1.low_level"": -0.001}",{},TRAC1,10001,-43.02678999999999
309,2026-09-03T07:59:34.480965+00:00,ok,"{""keithley.B.current"": 0.05, ""rigol.1.frequency"": 2818181.81818, ""rigol.1.high_level"": 0.001, ""rigol.1.low_level"": -0.001}",{},TRAC1,10001,-43.08473
310,2026-09-03T07:59:34.579933+00:00,ok,"{""keithley.B.current"": 0.05, ""rigol.1.frequency"": 3120202.0202, ""rigol.1.high_level"": 0.001, ""rigol.1.low_level"": -0.001}",{},TRAC1,10001,-42.977792
311,2026-09-03T07:59:34.756236+00:00,ok,"{""keithley.B.current"": 0.05, ""rigol.1.frequency"": 3422222.22222, ""rigol.1.high_level"": 0.001, ""rigol.1.low_level"": -0.001}",{},TRAC1,10001,-42.961566
312,2026-09-03T07:59:34.973875+00:00,ok,"{""keithley.B.current"": 0.05, ""rigol.1.frequency"": 3724242.42424, ""rigol.1.high_level"": 0.001, ""rigol.1.low_level"": -0.001}",{},TRAC1,10001,-42.955379
313,2026-09-03T07:59:35.155623+00:00,ok,"{""keithley.B.current"": 0.05, ""rigol.1.frequency"": 4026262.62626, ""rigol.1.high_level"": 0.001, ""rigol.1.low_level"": -0.001}",{},TRAC1,10001,-42.944205
314,2026-09-03T07:59:35.261240+00:00,ok,"{""keithley.B.current"": 0.05, ""rigol.1.frequency"": 4328282.82828, ""rigol.1.high_level"": 0.001, ""rigol.1.low_level"": -0.001}",{},TRAC1,10001,-42.95309
315,2026-09-03T07:59:35.447230+00:00,ok,"{""keithley.B.current"": 0.05, ""rigol.1.frequency"": 4630303.0303, ""rigol.1.high_level"": 0.001, ""rigol.1.low_level"": -0.001}",{},TRAC1,10001,-42.935567
316,2026-09-03T07:59:35.595890+00:00,ok,"{""keithley.B.current"": 0.05, ""rigol.1.frequency"": 4932323.23232, ""rigol.1.high_level"": 0.001, ""rigol.1.low_level"": -0.001}",{},TRAC1,10001,-42.902315
317,2026-09-03T07:59:35.787412+00:00,ok,"{""keithley.B.current"": 0.05, ""rigol.1.frequency"": 5234343.43434, ""rigol.1.high_level"": 0.001, ""rigol.1.low_level"": -0.001}",{},TRAC1,10001,-42.931569
318,2026-09-03T07:59:35.919437+00:00,ok,"{""keithley.B.current"": 0.05, ""rigol.1.frequency"": 5536363.63636, ""rigol.1.high_level"": 0.001, ""rigol.1.low_level"": -0.001}",{},TRAC1,10001,-42.946133
319,2026-09-03T07:59:36.110200+00:00,ok,"{""keithley.B.current"": 0.05, ""rigol.1.frequency"": 5838383.83838, ""rigol.1.high_level"": 0.001, ""rigol.1.low_level"": -0.001}",{},TRAC1,10001,-42.875665999999995
320,2026-09-03T07:59:36.228467+00:00,ok,"{""keithley.B.current"": 0.05, ""rigol.1.frequency"": 6140404.0404, ""rigol.1.high_level"": 0.001, ""rigol.1.low_level"": -0.001}",{},TRAC1,10001,-42.89654900000001
321,2026-09-03T07:59:36.415036+00:00,ok,"{""keithley.B.current"": 0.05, ""rigol.1.frequency"": 6442424.24242, ""rigol.1.high_level"": 0.001, ""rigol.1.low_level"": -0.001}",{},TRAC1,10001,-42.868652
322,2026-09-03T07:59:36.532797+00:00,ok,"{""keithley.B.current"": 0.05, ""rigol.1.frequency"": 6744444.44444, ""rigol.1.high_level"": 0.001, ""rigol.1.low_level"": -0.001}",{},TRAC1,10001,-42.878535
323,2026-09-03T07:59:36.698238+00:00,ok,"{""keithley.B.current"": 0.05, ""rigol.1.frequency"": 7046464.64646, ""rigol.1.high_level"": 0.001, ""rigol.1.low_level"": -0.001}",{},TRAC1,10001,-42.857237
324,2026-09-03T07:59:36.908300+00:00,ok,"{""keithley.B.current"": 0.05, ""rigol.1.frequency"": 7348484.84849, ""rigol.1.high_level"": 0.001, ""rigol.1.low_level"": -0.001}",{},TRAC1,10001,-42.900454
325,2026-09-03T07:59:37.074011+00:00,ok,"{""keithley.B.current"": 0.05, ""rigol.1.frequency"": 7650505.05051, ""rigol.1.high_level"": 0.001, ""rigol.1.low_level"": -0.001}",{},TRAC1,10001,-42.908255999999994
326,2026-09-03T07:59:37.238164+00:00,ok,"{""keithley.B.current"": 0.05, ""rigol.1.frequency"": 7952525.25252, ""rigol.1.high_level"": 0.001, ""rigol.1.low_level"": -0.001}",{},TRAC1,10001,-42.880922
327,2026-09-03T07:59:37.349354+00:00,ok,"{""keithley.B.current"": 0.05, ""rigol.1.frequency"": 8254545.45454, ""rigol.1.high_level"": 0.001, ""rigol.1.low_level"": -0.001}",{},TRAC1,10001,-42.912831
328,2026-09-03T07:59:37.509270+00:00,ok,"{""keithley.B.current"": 0.05, ""rigol.1.frequency"": 8556565.65657, ""rigol.1.high_level"": 0.001, ""rigol.1.low_level"": -0.001}",{},TRAC1,10001,-42.899023
329,2026-09-03T07:59:37.616270+00:00,ok,"{""keithley.B.current"": 0.05, ""rigol.1.frequency"": 8858585.85859, ""rigol.1.high_level"": 0.001, ""rigol.1.low_level"": -0.001}",{},TRAC1,10001,-42.914694
330,2026-09-03T07:59:37.785291+00:00,ok,"{""keithley.B.current"": 0.05, ""rigol.1.frequency"": 9160606.06061, ""rigol.1.high_level"": 0.001, ""rigol.1.low_level"": -0.001}",{},TRAC1,10001,-42.89444
331,2026-09-03T07:59:37.943891+00:00,ok,"{""keithley.B.current"": 0.05, ""rigol.1.frequency"": 9462626.26263, ""rigol.1.high_level"": 0.001, ""rigol.1.low_level"": -0.001}",{},TRAC1,10001,-42.906329
332,2026-09-03T07:59:38.125309+00:00,ok,"{""keithley.B.current"": 0.05, ""rigol.1.frequency"": 9764646.46465, ""rigol.1.high_level"": 0.001, ""rigol.1.low_level"": -0.001}",{},TRAC1,10001,-42.906774
333,2026-09-03T07:59:38.280121+00:00,ok,"{""keithley.B.current"": 0.05, ""rigol.1.frequency"": 10066666.6667, ""rigol.1.high_level"": 0.001, ""rigol.1.low_level"": -0.001}",{},TRAC1,10001,-42.936198000000005
334,2026-09-03T07:59:38.513840+00:00,ok,"{""keithley.B.current"": 0.05, ""rigol.1.frequency"": 10368686.8687, ""rigol.1.high_level"": 0.001, ""rigol.1.low_level"": -0.001}",{},TRAC1,10001,-42.954657
335,2026-09-03T07:59:38.692218+00:00,ok,"{""keithley.B.current"": 0.05, ""rigol.1.frequency"": 10670707.0707, ""rigol.1.high_level"": 0.001, ""rigol.1.low_level"": -0.001}",{},TRAC1,10001,-42.989436
336,2026-09-03T07:59:38.806569+00:00,ok,"{""keithley.B.current"": 0.05, ""rigol.1.frequency"": 10972727.2727, ""rigol.1.high_level"": 0.001, ""rigol.1.low_level"": -0.001}",{},TRAC1,10001,-42.977739
337,2026-09-03T07:59:38.986834+00:00,ok,"{""keithley.B.current"": 0.05, ""rigol.1.frequency"": 11274747.4747, ""rigol.1.high_level"": 0.001, ""rigol.1.low_level"": -0.001}",{},TRAC1,10001,-42.990301
338,2026-09-03T07:59:39.139870+00:00,ok,"{""keithley.B.current"": 0.05, ""rigol.1.frequency"": 11576767.6768, ""rigol.1.high_level"": 0.001, ""rigol.1.low_level"": -0.001}",{},TRAC1,10001,-43.04035300000001
339,2026-09-03T07:59:39.314640+00:00,ok,"{""keithley.B.current"": 0.05, ""rigol.1.frequency"": 11878787.8788, ""rigol.1.high_level"": 0.001, ""rigol.1.low_level"": -0.001}",{},TRAC1,10001,-43.024892
340,2026-09-03T07:59:39.482715+00:00,ok,"{""keithley.B.current"": 0.05, ""rigol.1.frequency"": 12180808.0808, ""rigol.1.high_level"": 0.001, ""rigol.1.low_level"": -0.001}",{},TRAC1,10001,-43.034419
341,2026-09-03T07:59:39.650607+00:00,ok,"{""keithley.B.current"": 0.05, ""rigol.1.frequency"": 12482828.2828, ""rigol.1.high_level"": 0.001, ""rigol.1.low_level"": -0.001}",{},TRAC1,10001,-43.083843
342,2026-09-03T07:59:39.753533+00:00,ok,"{""keithley.B.current"": 0.05, ""rigol.1.frequency"": 12784848.4848, ""rigol.1.high_level"": 0.001, ""rigol.1.low_level"": -0.001}",{},TRAC1,10001,-43.173262
343,2026-09-03T07:59:39.945380+00:00,ok,"{""keithley.B.current"": 0.05, ""rigol.1.frequency"": 13086868.6869, ""rigol.1.high_level"": 0.001, ""rigol.1.low_level"": -0.001}",{},TRAC1,10001,-43.133398
344,2026-09-03T07:59:40.123154+00:00,ok,"{""keithley.B.current"": 0.05, ""rigol.1.frequency"": 13388888.8889, ""rigol.1.high_level"": 0.001, ""rigol.1.low_level"": -0.001}",{},TRAC1,10001,-43.149603
345,2026-09-03T07:59:40.281127+00:00,ok,"{""keithley.B.current"": 0.05, ""rigol.1.frequency"": 13690909.0909, ""rigol.1.high_level"": 0.001, ""rigol.1.low_level"": -0.001}",{},TRAC1,10001,-43.159454
346,2026-09-03T07:59:40.436632+00:00,ok,"{""keithley.B.current"": 0.05, ""rigol.1.frequency"": 13992929.2929, ""rigol.1.high_level"": 0.001, ""rigol.1.low_level"": -0.001}",{},TRAC1,10001,-43.219477
347,2026-09-03T07:59:40.594690+00:00,ok,"{""keithley.B.current"": 0.05, ""rigol.1.frequency"": 14294949.4949, ""rigol.1.high_level"": 0.001, ""rigol.1.low_level"": -0.001}",{},TRAC1,10001,-43.153131
348,2026-09-03T07:59:40.764745+00:00,ok,"{""keithley.B.current"": 0.05, ""rigol.1.frequency"": 14596969.697, ""rigol.1.high_level"": 0.001, ""rigol.1.low_level"": -0.001}",{},TRAC1,10001,-43.13653000000001
349,2026-09-03T07:59:40.963888+00:00,ok,"{""keithley.B.current"": 0.05, ""rigol.1.frequency"": 14898989.899, ""rigol.1.high_level"": 0.001, ""rigol.1.low_level"": -0.001}",{},TRAC1,10001,-43.153692
350,2026-09-03T07:59:41.123119+00:00,ok,"{""keithley.B.current"": 0.05, ""rigol.1.frequency"": 15201010.101, ""rigol.1.high_level"": 0.001, ""rigol.1.low_level"": -0.001}",{},TRAC1,10001,-43.114062
351,2026-09-03T07:59:41.283029+00:00,ok,"{""keithley.B.current"": 0.05, ""rigol.1.frequency"": 15503030.303, ""rigol.1.high_level"": 0.001, ""rigol.1.low_level"": -0.001}",{},TRAC1,10001,-43.026807
352,2026-09-03T07:59:41.455775+00:00,ok,"{""keithley.B.current"": 0.05, ""rigol.1.frequency"": 15805050.5051, ""rigol.1.high_level"": 0.001, ""rigol.1.low_level"": -0.001}",{},TRAC1,10001,-43.010226
353,2026-09-03T07:59:41.627892+00:00,ok,"{""keithley.B.current"": 0.05, ""rigol.1.frequency"": 16107070.7071, ""rigol.1.high_level"": 0.001, ""rigol.1.low_level"": -0.001}",{},TRAC1,10001,-42.994996
354,2026-09-03T07:59:41.745689+00:00,ok,"{""keithley.B.current"": 0.05, ""rigol.1.frequency"": 16409090.9091, ""rigol.1.high_level"": 0.001, ""rigol.1.low_level"": -0.001}",{},TRAC1,10001,-43.033187
355,2026-09-03T07:59:41.931901+00:00,ok,"{""keithley.B.current"": 0.05, ""rigol.1.frequency"": 16711111.1111, ""rigol.1.high_level"": 0.001, ""rigol.1.low_level"": -0.001}",{},TRAC1,10001,-42.967541
356,2026-09-03T07:59:42.066119+00:00,ok,"{""keithley.B.current"": 0.05, ""rigol.1.frequency"": 17013131.3131, ""rigol.1.high_level"": 0.001, ""rigol.1.low_level"": -0.001}",{},TRAC1,10001,-42.97404999999999
357,2026-09-03T07:59:42.221483+00:00,ok,"{""keithley.B.current"": 0.05, ""rigol.1.frequency"": 17315151.5152, ""rigol.1.high_level"": 0.001, ""rigol.1.low_level"": -0.001}",{},TRAC1,10001,-42.92617200000001
358,2026-09-03T07:59:42.378555+00:00,ok,"{""keithley.B.current"": 0.05, ""rigol.1.frequency"": 17617171.7172, ""rigol.1.high_level"": 0.001, ""rigol.1.low_level"": -0.001}",{},TRAC1,10001,-42.930465
359,2026-09-03T07:59:42.551215+00:00,ok,"{""keithley.B.current"": 0.05, ""rigol.1.frequency"": 17919191.9192, ""rigol.1.high_level"": 0.001, ""rigol.1.low_level"": -0.001}",{},TRAC1,10001,-42.909497
360,2026-09-03T07:59:42.677358+00:00,ok,"{""keithley.B.current"": 0.05, ""rigol.1.frequency"": 18221212.1212, ""rigol.1.high_level"": 0.001, ""rigol.1.low_level"": -0.001}",{},TRAC1,10001,-42.88487500000001
361,2026-09-03T07:59:42.885316+00:00,ok,"{""keithley.B.current"": 0.05, ""rigol.1.frequency"": 18523232.3232, ""rigol.1.high_level"": 0.001, ""rigol.1.low_level"": -0.001}",{},TRAC1,10001,-42.95739400000001
362,2026-09-03T07:59:43.058359+00:00,ok,"{""keithley.B.current"": 0.05, ""rigol.1.frequency"": 18825252.5253, ""rigol.1.high_level"": 0.001, ""rigol.1.low_level"": -0.001}",{},TRAC1,10001,-42.929069
363,2026-09-03T07:59:43.170531+00:00,ok,"{""keithley.B.current"": 0.05, ""rigol.1.frequency"": 19127272.7273, ""rigol.1.high_level"": 0.001, ""rigol.1.low_level"": -0.001}",{},TRAC1,10001,-42.86681
364,2026-09-03T07:59:43.427194+00:00,ok,"{""keithley.B.current"": 0.05, ""rigol.1.frequency"": 19429292.9293, ""rigol.1.high_level"": 0.001, ""rigol.1.low_level"": -0.001}",{},TRAC1,10001,-42.904101
365,2026-09-03T07:59:43.596906+00:00,ok,"{""keithley.B.current"": 0.05, ""rigol.1.frequency"": 19731313.1313, ""rigol.1.high_level"": 0.001, ""rigol.1.low_level"": -0.001}",{},TRAC1,10001,-42.914884
366,2026-09-03T07:59:43.742809+00:00,ok,"{""keithley.B.current"": 0.05, ""rigol.1.frequency"": 20033333.3333, ""rigol.1.high_level"": 0.001, ""rigol.1.low_level"": -0.001}",{},TRAC1,10001,-42.87002100000001
367,2026-09-03T07:59:43.919250+00:00,ok,"{""keithley.B.current"": 0.05, ""rigol.1.frequency"": 20335353.5354, ""rigol.1.high_level"": 0.001, ""rigol.1.low_level"": -0.001}",{},TRAC1,10001,-42.86296
368,2026-09-03T07:59:44.038296+00:00,ok,"{""keithley.B.current"": 0.05, ""rigol.1.frequency"": 20637373.7374, ""rigol.1.high_level"": 0.001, ""rigol.1.low_level"": -0.001}",{},TRAC1,10001,-42.907604
369,2026-09-03T07:59:44.208251+00:00,ok,"{""keithley.B.current"": 0.05, ""rigol.1.frequency"": 20939393.9394, ""rigol.1.high_level"": 0.001, ""rigol.1.low_level"": -0.001}",{},TRAC1,10001,-42.85758700000001
370,2026-09-03T07:59:44.366872+00:00,ok,"{""keithley.B.current"": 0.05, ""rigol.1.frequency"": 21241414.1414, ""rigol.1.high_level"": 0.001, ""rigol.1.low_level"": -0.001}",{},TRAC1,10001,-42.856573
371,2026-09-03T07:59:44.538299+00:00,ok,"{""keithley.B.current"": 0.05, ""rigol.1.frequency"": 21543434.3434, ""rigol.1.high_level"": 0.001, ""rigol.1.low_level"": -0.001}",{},TRAC1,10001,-42.881514
372,2026-09-03T07:59:44.696863+00:00,ok,"{""keithley.B.current"": 0.05, ""rigol.1.frequency"": 21845454.5455, ""rigol.1.high_level"": 0.001, ""rigol.1.low_level"": -0.001}",{},TRAC1,10001,-42.894307999999995
373,2026-09-03T07:59:44.891297+00:00,ok,"{""keithley.B.current"": 0.05, ""rigol.1.frequency"": 22147474.7475, ""rigol.1.high_level"": 0.001, ""rigol.1.low_level"": -0.001}",{},TRAC1,10001,-42.916046
374,2026-09-03T07:59:45.059533+00:00,ok,"{""keithley.B.current"": 0.05, ""rigol.1.frequency"": 22449494.9495, ""rigol.1.high_level"": 0.001, ""rigol.1.low_level"": -0.001}",{},TRAC1,10001,-42.908495
375,2026-09-03T07:59:45.199965+00:00,ok,"{""keithley.B.current"": 0.05, ""rigol.1.frequency"": 22751515.1515, ""rigol.1.high_level"": 0.001, ""rigol.1.low_level"": -0.001}",{},TRAC1,10001,-42.924503
376,2026-09-03T07:59:45.361425+00:00,ok,"{""keithley.B.current"": 0.05, ""rigol.1.frequency"": 23053535.3535, ""rigol.1.high_level"": 0.001, ""rigol.1.low_level"": -0.001}",{},TRAC1,10001,-42.924209
377,2026-09-03T07:59:45.627018+00:00,ok,"{""keithley.B.current"": 0.05, ""rigol.1.frequency"": 23355555.5556, ""rigol.1.high_level"": 0.001, ""rigol.1.low_level"": -0.001}",{},TRAC1,10001,-42.909124
378,2026-09-03T07:59:45.762899+00:00,ok,"{""keithley.B.current"": 0.05, ""rigol.1.frequency"": 23657575.7576, ""rigol.1.high_level"": 0.001, ""rigol.1.low_level"": -0.001}",{},TRAC1,10001,-42.964446
379,2026-09-03T07:59:45.970017+00:00,ok,"{""keithley.B.current"": 0.05, ""rigol.1.frequency"": 23959595.9596, ""rigol.1.high_level"": 0.001, ""rigol.1.low_level"": -0.001}",{},TRAC1,10001,-42.958747
380,2026-09-03T07:59:46.075360+00:00,ok,"{""keithley.B.current"": 0.05, ""rigol.1.frequency"": 24261616.1616, ""rigol.1.high_level"": 0.001, ""rigol.1.low_level"": -0.001}",{},TRAC1,10001,-43.063283999999996
381,2026-09-03T07:59:46.226019+00:00,ok,"{""keithley.B.current"": 0.05, ""rigol.1.frequency"": 24563636.3636, ""rigol.1.high_level"": 0.001, ""rigol.1.low_level"": -0.001}",{},TRAC1,10001,-42.990836
382,2026-09-03T07:59:46.376430+00:00,ok,"{""keithley.B.current"": 0.05, ""rigol.1.frequency"": 24865656.5657, ""rigol.1.high_level"": 0.001, ""rigol.1.low_level"": -0.001}",{},TRAC1,10001,-43.047403
383,2026-09-03T07:59:46.566314+00:00,ok,"{""keithley.B.current"": 0.05, ""rigol.1.frequency"": 25167676.7677, ""rigol.1.high_level"": 0.001, ""rigol.1.low_level"": -0.001}",{},TRAC1,10001,-43.018225
384,2026-09-03T07:59:46.743876+00:00,ok,"{""keithley.B.current"": 0.05, ""rigol.1.frequency"": 25469696.9697, ""rigol.1.high_level"": 0.001, ""rigol.1.low_level"": -0.001}",{},TRAC1,10001,-43.07938
385,2026-09-03T07:59:46.944798+00:00,ok,"{""keithley.B.current"": 0.05, ""rigol.1.frequency"": 25771717.1717, ""rigol.1.high_level"": 0.001, ""rigol.1.low_level"": -0.001}",{},TRAC1,10001,-43.06288000000001
386,2026-09-03T07:59:47.122537+00:00,ok,"{""keithley.B.current"": 0.05, ""rigol.1.frequency"": 26073737.3737, ""rigol.1.high_level"": 0.001, ""rigol.1.low_level"": -0.001}",{},TRAC1,10001,-43.120288
387,2026-09-03T07:59:47.264758+00:00,ok,"{""keithley.B.current"": 0.05, ""rigol.1.frequency"": 26375757.5758, ""rigol.1.high_level"": 0.001, ""rigol.1.low_level"": -0.001}",{},TRAC1,10001,-43.176416
388,2026-09-03T07:59:47.427689+00:00,ok,"{""keithley.B.current"": 0.05, ""rigol.1.frequency"": 26677777.7778, ""rigol.1.high_level"": 0.001, ""rigol.1.low_level"": -0.001}",{},TRAC1,10001,-43.118932
389,2026-09-03T07:59:47.538440+00:00,ok,"{""keithley.B.current"": 0.05, ""rigol.1.frequency"": 26979797.9798, ""rigol.1.high_level"": 0.001, ""rigol.1.low_level"": -0.001}",{},TRAC1,10001,-43.194491
390,2026-09-03T07:59:47.784385+00:00,ok,"{""keithley.B.current"": 0.05, ""rigol.1.frequency"": 27281818.1818, ""rigol.1.high_level"": 0.001, ""rigol.1.low_level"": -0.001}",{},TRAC1,10001,-43.141412
391,2026-09-03T07:59:47.971270+00:00,ok,"{""keithley.B.current"": 0.05, ""rigol.1.frequency"": 27583838.3838, ""rigol.1.high_level"": 0.001, ""rigol.1.low_level"": -0.001}",{},TRAC1,10001,-43.139713
392,2026-09-03T07:59:48.125067+00:00,ok,"{""keithley.B.current"": 0.05, ""rigol.1.frequency"": 27885858.5859, ""rigol.1.high_level"": 0.001, ""rigol.1.low_level"": -0.001}",{},TRAC1,10001,-43.11947
393,2026-09-03T07:59:48.298329+00:00,ok,"{""keithley.B.current"": 0.05, ""rigol.1.frequency"": 28187878.7879, ""rigol.1.high_level"": 0.001, ""rigol.1.low_level"": -0.001}",{},TRAC1,10001,-43.105957
394,2026-09-03T07:59:48.408914+00:00,ok,"{""keithley.B.current"": 0.05, ""rigol.1.frequency"": 28489898.9899, ""rigol.1.high_level"": 0.001, ""rigol.1.low_level"": -0.001}",{},TRAC1,10001,-43.065627
395,2026-09-03T07:59:48.564790+00:00,ok,"{""keithley.B.current"": 0.05, ""rigol.1.frequency"": 28791919.1919, ""rigol.1.high_level"": 0.001, ""rigol.1.low_level"": -0.001}",{},TRAC1,10001,-43.044437
396,2026-09-03T07:59:48.732538+00:00,ok,"{""keithley.B.current"": 0.05, ""rigol.1.frequency"": 29093939.3939, ""rigol.1.high_level"": 0.001, ""rigol.1.low_level"": -0.001}",{},TRAC1,10001,-43.001957
397,2026-09-03T07:59:48.912918+00:00,ok,"{""keithley.B.current"": 0.05, ""rigol.1.frequency"": 29395959.596, ""rigol.1.high_level"": 0.001, ""rigol.1.low_level"": -0.001}",{},TRAC1,10001,-43.012306
398,2026-09-03T07:59:49.087432+00:00,ok,"{""keithley.B.current"": 0.05, ""rigol.1.frequency"": 29697979.798, ""rigol.1.high_level"": 0.001, ""rigol.1.low_level"": -0.001}",{},TRAC1,10001,-43.008443
399,2026-09-03T07:59:49.245384+00:00,ok,"{""keithley.B.current"": 0.05, ""rigol.1.frequency"": 30000000.0, ""rigol.1.high_level"": 0.001, ""rigol.1.low_level"": -0.001}",{},TRAC1,10001,-43.018201
400,2026-09-03T07:59:49.419105+00:00,ok,"{""keithley.B.current"": 0.066667, ""rigol.1.frequency"": 100000.0, ""rigol.1.high_level"": 0.001, ""rigol.1.low_level"": -0.001}",{},TRAC1,10001,-42.968631
401,2026-09-03T07:59:49.533338+00:00,ok,"{""keithley.B.current"": 0.066667, ""rigol.1.frequency"": 402020.20202, ""rigol.1.high_level"": 0.001, ""rigol.1.low_level"": -0.001}",{},TRAC1,10001,-42.947999
402,2026-09-03T07:59:49.751481+00:00,ok,"{""keithley.B.current"": 0.066667, ""rigol.1.frequency"": 704040.40404, ""rigol.1.high_level"": 0.001, ""rigol.1.low_level"": -0.001}",{},TRAC1,10001,-42.955994
403,2026-09-03T07:59:49.878415+00:00,ok,"{""keithley.B.current"": 0.066667, ""rigol.1.frequency"": 1006060.60606, ""rigol.1.high_level"": 0.001, ""rigol.1.low_level"": -0.001}",{},TRAC1,10001,-42.90326999999999
404,2026-09-03T07:59:50.104047+00:00,ok,"{""keithley.B.current"": 0.066667, ""rigol.1.frequency"": 1308080.80808, ""rigol.1.high_level"": 0.001, ""rigol.1.low_level"": -0.001}",{},TRAC1,10001,-42.901926
405,2026-09-03T07:59:50.265483+00:00,ok,"{""keithley.B.current"": 0.066667, ""rigol.1.frequency"": 1610101.0101, ""rigol.1.high_level"": 0.001, ""rigol.1.low_level"": -0.001}",{},TRAC1,10001,-42.886439
406,2026-09-03T07:59:50.390973+00:00,ok,"{""keithley.B.current"": 0.066667, ""rigol.1.frequency"": 1912121.21212, ""rigol.1.high_level"": 0.001, ""rigol.1.low_level"": -0.001}",{},TRAC1,10001,-42.930089
407,2026-09-03T07:59:50.546389+00:00,ok,"{""keithley.B.current"": 0.066667, ""rigol.1.frequency"": 2214141.41414, ""rigol.1.high_level"": 0.001, ""rigol.1.low_level"": -0.001}",{},TRAC1,10001,-42.865711
408,2026-09-03T07:59:50.708247+00:00,ok,"{""keithley.B.current"": 0.066667, ""rigol.1.frequency"": 2516161.61616, ""rigol.1.high_level"": 0.001, ""rigol.1.low_level"": -0.001}",{},TRAC1,10001,-42.932878
409,2026-09-03T07:59:50.839362+00:00,ok,"{""keithley.B.current"": 0.066667, ""rigol.1.frequency"": 2818181.81818, ""rigol.1.high_level"": 0.001, ""rigol.1.low_level"": -0.001}",{},TRAC1,10001,-42.916238
410,2026-09-03T07:59:51.035707+00:00,ok,"{""keithley.B.current"": 0.066667, ""rigol.1.frequency"": 3120202.0202, ""rigol.1.high_level"": 0.001, ""rigol.1.low_level"": -0.001}",{},TRAC1,10001,-42.874552
411,2026-09-03T07:59:51.186892+00:00,ok,"{""keithley.B.current"": 0.066667, ""rigol.1.frequency"": 3422222.22222, ""rigol.1.high_level"": 0.001, ""rigol.1.low_level"": -0.001}",{},TRAC1,10001,-42.907731
412,2026-09-03T07:59:51.340376+00:00,ok,"{""keithley.B.current"": 0.066667, ""rigol.1.frequency"": 3724242.42424, ""rigol.1.high_level"": 0.001, ""rigol.1.low_level"": -0.001}",{},TRAC1,10001,-42.854447
413,2026-09-03T07:59:51.520341+00:00,ok,"{""keithley.B.current"": 0.066667, ""rigol.1.frequency"": 4026262.62626, ""rigol.1.high_level"": 0.001, ""rigol.1.low_level"": -0.001}",{},TRAC1,10001,-42.902918
414,2026-09-03T07:59:51.632742+00:00,ok,"{""keithley.B.current"": 0.066667, ""rigol.1.frequency"": 4328282.82828, ""rigol.1.high_level"": 0.001, ""rigol.1.low_level"": -0.001}",{},TRAC1,10001,-42.917409
415,2026-09-03T07:59:51.819615+00:00,ok,"{""keithley.B.current"": 0.066667, ""rigol.1.frequency"": 4630303.0303, ""rigol.1.high_level"": 0.001, ""rigol.1.low_level"": -0.001}",{},TRAC1,10001,-42.872274
416,2026-09-03T07:59:51.981855+00:00,ok,"{""keithley.B.current"": 0.066667, ""rigol.1.frequency"": 4932323.23232, ""rigol.1.high_level"": 0.001, ""rigol.1.low_level"": -0.001}",{},TRAC1,10001,-42.907331
417,2026-09-03T07:59:52.117872+00:00,ok,"{""keithley.B.current"": 0.066667, ""rigol.1.frequency"": 5234343.43434, ""rigol.1.high_level"": 0.001, ""rigol.1.low_level"": -0.001}",{},TRAC1,10001,-42.912114
418,2026-09-03T07:59:52.383016+00:00,ok,"{""keithley.B.current"": 0.066667, ""rigol.1.frequency"": 5536363.63636, ""rigol.1.high_level"": 0.001, ""rigol.1.low_level"": -0.001}",{},TRAC1,10001,-42.888639
419,2026-09-03T07:59:52.492036+00:00,ok,"{""keithley.B.current"": 0.066667, ""rigol.1.frequency"": 5838383.83838, ""rigol.1.high_level"": 0.001, ""rigol.1.low_level"": -0.001}",{},TRAC1,10001,-42.911568
420,2026-09-03T07:59:52.639204+00:00,ok,"{""keithley.B.current"": 0.066667, ""rigol.1.frequency"": 6140404.0404, ""rigol.1.high_level"": 0.001, ""rigol.1.low_level"": -0.001}",{},TRAC1,10001,-42.955164
421,2026-09-03T07:59:52.819694+00:00,ok,"{""keithley.B.current"": 0.066667, ""rigol.1.frequency"": 6442424.24242, ""rigol.1.high_level"": 0.001, ""rigol.1.low_level"": -0.001}",{},TRAC1,10001,-42.951911
422,2026-09-03T07:59:53.000308+00:00,ok,"{""keithley.B.current"": 0.066667, ""rigol.1.frequency"": 6744444.44444, ""rigol.1.high_level"": 0.001, ""rigol.1.low_level"": -0.001}",{},TRAC1,10001,-42.950068
423,2026-09-03T07:59:53.184097+00:00,ok,"{""keithley.B.current"": 0.066667, ""rigol.1.frequency"": 7046464.64646, ""rigol.1.high_level"": 0.001, ""rigol.1.low_level"": -0.001}",{},TRAC1,10001,-43.031992
424,2026-09-03T07:59:53.287746+00:00,ok,"{""keithley.B.current"": 0.066667, ""rigol.1.frequency"": 7348484.84849, ""rigol.1.high_level"": 0.001, ""rigol.1.low_level"": -0.001}",{},TRAC1,10001,-43.033508
425,2026-09-03T07:59:53.453170+00:00,ok,"{""keithley.B.current"": 0.066667, ""rigol.1.frequency"": 7650505.05051, ""rigol.1.high_level"": 0.001, ""rigol.1.low_level"": -0.001}",{},TRAC1,10001,-42.977391
426,2026-09-03T07:59:53.575280+00:00,ok,"{""keithley.B.current"": 0.066667, ""rigol.1.frequency"": 7952525.25252, ""rigol.1.high_level"": 0.001, ""rigol.1.low_level"": -0.001}",{},TRAC1,10001,-42.993425
427,2026-09-03T07:59:53.730709+00:00,ok,"{""keithley.B.current"": 0.066667, ""rigol.1.frequency"": 8254545.45454, ""rigol.1.high_level"": 0.001, ""rigol.1.low_level"": -0.001}",{},TRAC1,10001,-43.017149
428,2026-09-03T07:59:53.891237+00:00,ok,"{""keithley.B.current"": 0.066667, ""rigol.1.frequency"": 8556565.65657, ""rigol.1.high_level"": 0.001, ""rigol.1.low_level"": -0.001}",{},TRAC1,10001,-43.134955000000005
429,2026-09-03T07:59:54.026691+00:00,ok,"{""keithley.B.current"": 0.066667, ""rigol.1.frequency"": 8858585.85859, ""rigol.1.high_level"": 0.001, ""rigol.1.low_level"": -0.001}",{},TRAC1,10001,-43.07069
430,2026-09-03T07:59:54.187907+00:00,ok,"{""keithley.B.current"": 0.066667, ""rigol.1.frequency"": 9160606.06061, ""rigol.1.high_level"": 0.001, ""rigol.1.low_level"": -0.001}",{},TRAC1,10001,-43.111199
431,2026-09-03T07:59:54.365705+00:00,ok,"{""keithley.B.current"": 0.066667, ""rigol.1.frequency"": 9462626.26263, ""rigol.1.high_level"": 0.001, ""rigol.1.low_level"": -0.001}",{},TRAC1,10001,-43.128824
432,2026-09-03T07:59:54.560585+00:00,ok,"{""keithley.B.current"": 0.066667, ""rigol.1.frequency"": 9764646.46465, ""rigol.1.high_level"": 0.001, ""rigol.1.low_level"": -0.001}",{},TRAC1,10001,-43.13025
433,2026-09-03T07:59:54.737049+00:00,ok,"{""keithley.B.current"": 0.066667, ""rigol.1.frequency"": 10066666.6667, ""rigol.1.high_level"": 0.001, ""rigol.1.low_level"": -0.001}",{},TRAC1,10001,-43.156797999999995
434,2026-09-03T07:59:54.863270+00:00,ok,"{""keithley.B.current"": 0.066667, ""rigol.1.frequency"": 10368686.8687, ""rigol.1.high_level"": 0.001, ""rigol.1.low_level"": -0.001}",{},TRAC1,10001,-43.152334
435,2026-09-03T07:59:55.034460+00:00,ok,"{""keithley.B.current"": 0.066667, ""rigol.1.frequency"": 10670707.0707, ""rigol.1.high_level"": 0.001, ""rigol.1.low_level"": -0.001}",{},TRAC1,10001,-43.198222
436,2026-09-03T07:59:55.207498+00:00,ok,"{""keithley.B.current"": 0.066667, ""rigol.1.frequency"": 10972727.2727, ""rigol.1.high_level"": 0.001, ""rigol.1.low_level"": -0.001}",{},TRAC1,10001,-43.114368
437,2026-09-03T07:59:55.325913+00:00,ok,"{""keithley.B.current"": 0.066667, ""rigol.1.frequency"": 11274747.4747, ""rigol.1.high_level"": 0.001, ""rigol.1.low_level"": -0.001}",{},TRAC1,10001,-43.060321
438,2026-09-03T07:59:55.478402+00:00,ok,"{""keithley.B.current"": 0.066667, ""rigol.1.frequency"": 11576767.6768, ""rigol.1.high_level"": 0.001, ""rigol.1.low_level"": -0.001}",{},TRAC1,10001,-43.062174
439,2026-09-03T07:59:55.644317+00:00,ok,"{""keithley.B.current"": 0.066667, ""rigol.1.frequency"": 11878787.8788, ""rigol.1.high_level"": 0.001, ""rigol.1.low_level"": -0.001}",{},TRAC1,10001,-43.032839
440,2026-09-03T07:59:55.794263+00:00,ok,"{""keithley.B.current"": 0.066667, ""rigol.1.frequency"": 12180808.0808, ""rigol.1.high_level"": 0.001, ""rigol.1.low_level"": -0.001}",{},TRAC1,10001,-43.057126
441,2026-09-03T07:59:55.915144+00:00,ok,"{""keithley.B.current"": 0.066667, ""rigol.1.frequency"": 12482828.2828, ""rigol.1.high_level"": 0.001, ""rigol.1.low_level"": -0.001}",{},TRAC1,10001,-43.018997
442,2026-09-03T07:59:56.095797+00:00,ok,"{""keithley.B.current"": 0.066667, ""rigol.1.frequency"": 12784848.4848, ""rigol.1.high_level"": 0.001, ""rigol.1.low_level"": -0.001}",{},TRAC1,10001,-42.97981200000001
443,2026-09-03T07:59:56.239370+00:00,ok,"{""keithley.B.current"": 0.066667, ""rigol.1.frequency"": 13086868.6869, ""rigol.1.high_level"": 0.001, ""rigol.1.low_level"": -0.001}",{},TRAC1,10001,-42.986979
444,2026-09-03T07:59:56.391216+00:00,ok,"{""keithley.B.current"": 0.066667, ""rigol.1.frequency"": 13388888.8889, ""rigol.1.high_level"": 0.001, ""rigol.1.low_level"": -0.001}",{},TRAC1,10001,-42.955844
445,2026-09-03T07:59:56.520081+00:00,ok,"{""keithley.B.current"": 0.066667, ""rigol.1.frequency"": 13690909.0909, ""rigol.1.high_level"": 0.001, ""rigol.1.low_level"": -0.001}",{},TRAC1,10001,-42.92578900000001
446,2026-09-03T07:59:56.811971+00:00,ok,"{""keithley.B.current"": 0.066667, ""rigol.1.frequency"": 13992929.2929, ""rigol.1.high_level"": 0.001, ""rigol.1.low_level"": -0.001}",{},TRAC1,10001,-42.940271
447,2026-09-03T07:59:57.026796+00:00,ok,"{""keithley.B.current"": 0.066667, ""rigol.1.frequency"": 14294949.4949, ""rigol.1.high_level"": 0.001, ""rigol.1.low_level"": -0.001}",{},TRAC1,10001,-42.91645799999999
448,2026-09-03T07:59:57.163675+00:00,ok,"{""keithley.B.current"": 0.066667, ""rigol.1.frequency"": 14596969.697, ""rigol.1.high_level"": 0.001, ""rigol.1.low_level"": -0.001}",{},TRAC1,10001,-42.912647
449,2026-09-03T07:59:57.323954+00:00,ok,"{""keithley.B.current"": 0.066667, ""rigol.1.frequency"": 14898989.899, ""rigol.1.high_level"": 0.001, ""rigol.1.low_level"": -0.001}",{},TRAC1,10001,-42.883496
450,2026-09-03T07:59:57.480612+00:00,ok,"{""keithley.B.current"": 0.066667, ""rigol.1.frequency"": 15201010.101, ""rigol.1.high_level"": 0.001, ""rigol.1.low_level"": -0.001}",{},TRAC1,10001,-42.875057999999996
451,2026-09-03T07:59:57.615754+00:00,ok,"{""keithley.B.current"": 0.066667, ""rigol.1.frequency"": 15503030.303, ""rigol.1.high_level"": 0.001, ""rigol.1.low_level"": -0.001}",{},TRAC1,10001,-42.927712
452,2026-09-03T07:59:57.782434+00:00,ok,"{""keithley.B.current"": 0.066667, ""rigol.1.frequency"": 15805050.5051, ""rigol.1.high_level"": 0.001, ""rigol.1.low_level"": -0.001}",{},TRAC1,10001,-42.881897
453,2026-09-03T07:59:57.950784+00:00,ok,"{""keithley.B.current"": 0.066667, ""rigol.1.frequency"": 16107070.7071, ""rigol.1.high_level"": 0.001, ""rigol.1.low_level"": -0.001}",{},TRAC1,10001,-42.8906
454,2026-09-03T07:59:58.110936+00:00,ok,"{""keithley.B.current"": 0.066667, ""rigol.1.frequency"": 16409090.9091, ""rigol.1.high_level"": 0.001, ""rigol.1.low_level"": -0.001}",{},TRAC1,10001,-42.852850000000004
455,2026-09-03T07:59:58.246331+00:00,ok,"{""keithley.B.current"": 0.066667, ""rigol.1.frequency"": 16711111.1111, ""rigol.1.high_level"": 0.001, ""rigol.1.low_level"": -0.001}",{},TRAC1,10001,-42.888291
456,2026-09-03T07:59:58.400888+00:00,ok,"{""keithley.B.current"": 0.066667, ""rigol.1.frequency"": 17013131.3131, ""rigol.1.high_level"": 0.001, ""rigol.1.low_level"": -0.001}",{},TRAC1,10001,-42.901574
457,2026-09-03T07:59:58.572605+00:00,ok,"{""keithley.B.current"": 0.066667, ""rigol.1.frequency"": 17315151.5152, ""rigol.1.high_level"": 0.001, ""rigol.1.low_level"": -0.001}",{},TRAC1,10001,-42.915685999999994
458,2026-09-03T07:59:58.687206+00:00,ok,"{""keithley.B.current"": 0.066667, ""rigol.1.frequency"": 17617171.7172, ""rigol.1.high_level"": 0.001, ""rigol.1.low_level"": -0.001}",{},TRAC1,10001,-42.898553
459,2026-09-03T07:59:58.895904+00:00,ok,"{""keithley.B.current"": 0.066667, ""rigol.1.frequency"": 17919191.9192, ""rigol.1.high_level"": 0.001, ""rigol.1.low_level"": -0.001}",{},TRAC1,10001,-42.93305699999999
460,2026-09-03T07:59:59.063035+00:00,ok,"{""keithley.B.current"": 0.066667, ""rigol.1.frequency"": 18221212.1212, ""rigol.1.high_level"": 0.001, ""rigol.1.low_level"": -0.001}",{},TRAC1,10001,-42.87522
461,2026-09-03T07:59:59.234800+00:00,ok,"{""keithley.B.current"": 0.066667, ""rigol.1.frequency"": 18523232.3232, ""rigol.1.high_level"": 0.001, ""rigol.1.low_level"": -0.001}",{},TRAC1,10001,-42.908579
462,2026-09-03T07:59:59.412090+00:00,ok,"{""keithley.B.current"": 0.066667, ""rigol.1.frequency"": 18825252.5253, ""rigol.1.high_level"": 0.001, ""rigol.1.low_level"": -0.001}",{},TRAC1,10001,-42.890730000000005
463,2026-09-03T07:59:59.623128+00:00,ok,"{""keithley.B.current"": 0.066667, ""rigol.1.frequency"": 19127272.7273, ""rigol.1.high_level"": 0.001, ""rigol.1.low_level"": -0.001}",{},TRAC1,10001,-42.908494
464,2026-09-03T07:59:59.785439+00:00,ok,"{""keithley.B.current"": 0.066667, ""rigol.1.frequency"": 19429292.9293, ""rigol.1.high_level"": 0.001, ""rigol.1.low_level"": -0.001}",{},TRAC1,10001,-42.936871
465,2026-09-03T07:59:59.973567+00:00,ok,"{""keithley.B.current"": 0.066667, ""rigol.1.frequency"": 19731313.1313, ""rigol.1.high_level"": 0.001, ""rigol.1.low_level"": -0.001}",{},TRAC1,10001,-42.945904999999996
466,2026-09-03T08:00:00.149750+00:00,ok,"{""keithley.B.current"": 0.066667, ""rigol.1.frequency"": 20033333.3333, ""rigol.1.high_level"": 0.001, ""rigol.1.low_level"": -0.001}",{},TRAC1,10001,-42.962031
467,2026-09-03T08:00:00.271827+00:00,ok,"{""keithley.B.current"": 0.066667, ""rigol.1.frequency"": 20335353.5354, ""rigol.1.high_level"": 0.001, ""rigol.1.low_level"": -0.001}",{},TRAC1,10001,-42.979941
468,2026-09-03T08:00:00.430153+00:00,ok,"{""keithley.B.current"": 0.066667, ""rigol.1.frequency"": 20637373.7374, ""rigol.1.high_level"": 0.001, ""rigol.1.low_level"": -0.001}",{},TRAC1,10001,-42.99526399999999
469,2026-09-03T08:00:00.586768+00:00,ok,"{""keithley.B.current"": 0.066667, ""rigol.1.frequency"": 20939393.9394, ""rigol.1.high_level"": 0.001, ""rigol.1.low_level"": -0.001}",{},TRAC1,10001,-42.999904
470,2026-09-03T08:00:00.703876+00:00,ok,"{""keithley.B.current"": 0.066667, ""rigol.1.frequency"": 21241414.1414, ""rigol.1.high_level"": 0.001, ""rigol.1.low_level"": -0.001}",{},TRAC1,10001,-43.02186
471,2026-09-03T08:00:00.959505+00:00,ok,"{""keithley.B.current"": 0.066667, ""rigol.1.frequency"": 21543434.3434, ""rigol.1.high_level"": 0.001, ""rigol.1.low_level"": -0.001}",{},TRAC1,10001,-43.01724999999999
472,2026-09-03T08:00:01.120263+00:00,ok,"{""keithley.B.current"": 0.066667, ""rigol.1.frequency"": 21845454.5455, ""rigol.1.high_level"": 0.001, ""rigol.1.low_level"": -0.001}",{},TRAC1,10001,-43.04337699999999
473,2026-09-03T08:00:01.225407+00:00,ok,"{""keithley.B.current"": 0.066667, ""rigol.1.frequency"": 22147474.7475, ""rigol.1.high_level"": 0.001, ""rigol.1.low_level"": -0.001}",{},TRAC1,10001,-43.086483
474,2026-09-03T08:00:01.391348+00:00,ok,"{""keithley.B.current"": 0.066667, ""rigol.1.frequency"": 22449494.9495, ""rigol.1.high_level"": 0.001, ""rigol.1.low_level"": -0.001}",{},TRAC1,10001,-43.078434
475,2026-09-03T08:00:01.494146+00:00,ok,"{""keithley.B.current"": 0.066667, ""rigol.1.frequency"": 22751515.1515, ""rigol.1.high_level"": 0.001, ""rigol.1.low_level"": -0.001}",{},TRAC1,10001,-43.156017000000006
476,2026-09-03T08:00:01.660356+00:00,ok,"{""keithley.B.current"": 0.066667, ""rigol.1.frequency"": 23053535.3535, ""rigol.1.high_level"": 0.001, ""rigol.1.low_level"": -0.001}",{},TRAC1,10001,-43.147245
477,2026-09-03T08:00:01.764501+00:00,ok,"{""keithley.B.current"": 0.066667, ""rigol.1.frequency"": 23355555.5556, ""rigol.1.high_level"": 0.001, ""rigol.1.low_level"": -0.001}",{},TRAC1,10001,-43.154359
478,2026-09-03T08:00:01.924113+00:00,ok,"{""keithley.B.current"": 0.066667, ""rigol.1.frequency"": 23657575.7576, ""rigol.1.high_level"": 0.001, ""rigol.1.low_level"": -0.001}",{},TRAC1,10001,-43.180442
479,2026-09-03T08:00:02.052657+00:00,ok,"{""keithley.B.current"": 0.066667, ""rigol.1.frequency"": 23959595.9596, ""rigol.1.high_level"": 0.001, ""rigol.1.low_level"": -0.001}",{},TRAC1,10001,-43.141036
480,2026-09-03T08:00:02.217111+00:00,ok,"{""keithley.B.current"": 0.066667, ""rigol.1.frequency"": 24261616.1616, ""rigol.1.high_level"": 0.001, ""rigol.1.low_level"": -0.001}",{},TRAC1,10001,-43.139959000000005
481,2026-09-03T08:00:02.421299+00:00,ok,"{""keithley.B.current"": 0.066667, ""rigol.1.frequency"": 24563636.3636, ""rigol.1.high_level"": 0.001, ""rigol.1.low_level"": -0.001}",{},TRAC1,10001,-43.074685
482,2026-09-03T08:00:02.538311+00:00,ok,"{""keithley.B.current"": 0.066667, ""rigol.1.frequency"": 24865656.5657, ""rigol.1.high_level"": 0.001, ""rigol.1.low_level"": -0.001}",{},TRAC1,10001,-43.057233999999994
483,2026-09-03T08:00:02.688273+00:00,ok,"{""keithley.B.current"": 0.066667, ""rigol.1.frequency"": 25167676.7677, ""rigol.1.high_level"": 0.001, ""rigol.1.low_level"": -0.001}",{},TRAC1,10001,-43.059517
484,2026-09-03T08:00:02.879239+00:00,ok,"{""keithley.B.current"": 0.066667, ""rigol.1.frequency"": 25469696.9697, ""rigol.1.high_level"": 0.001, ""rigol.1.low_level"": -0.001}",{},TRAC1,10001,-42.998236
485,2026-09-03T08:00:03.029326+00:00,ok,"{""keithley.B.current"": 0.066667, ""rigol.1.frequency"": 25771717.1717, ""rigol.1.high_level"": 0.001, ""rigol.1.low_level"": -0.001}",{},TRAC1,10001,-43.000403
486,2026-09-03T08:00:03.182827+00:00,ok,"{""keithley.B.current"": 0.066667, ""rigol.1.frequency"": 26073737.3737, ""rigol.1.high_level"": 0.001, ""rigol.1.low_level"": -0.001}",{},TRAC1,10001,-42.97479799999999
487,2026-09-03T08:00:03.332486+00:00,ok,"{""keithley.B.current"": 0.066667, ""rigol.1.frequency"": 26375757.5758, ""rigol.1.high_level"": 0.001, ""rigol.1.low_level"": -0.001}",{},TRAC1,10001,-43.000485
488,2026-09-03T08:00:03.498437+00:00,ok,"{""keithley.B.current"": 0.066667, ""rigol.1.frequency"": 26677777.7778, ""rigol.1.high_level"": 0.001, ""rigol.1.low_level"": -0.001}",{},TRAC1,10001,-42.972225
489,2026-09-03T08:00:03.615537+00:00,ok,"{""keithley.B.current"": 0.066667, ""rigol.1.frequency"": 26979797.9798, ""rigol.1.high_level"": 0.001, ""rigol.1.low_level"": -0.001}",{},TRAC1,10001,-42.976167
490,2026-09-03T08:00:03.790655+00:00,ok,"{""keithley.B.current"": 0.066667, ""rigol.1.frequency"": 27281818.1818, ""rigol.1.high_level"": 0.001, ""rigol.1.low_level"": -0.001}",{},TRAC1,10001,-42.938842
491,2026-09-03T08:00:03.939742+00:00,ok,"{""keithley.B.current"": 0.066667, ""rigol.1.frequency"": 27583838.3838, ""rigol.1.high_level"": 0.001, ""rigol.1.low_level"": -0.001}",{},TRAC1,10001,-42.93257
492,2026-09-03T08:00:04.071096+00:00,ok,"{""keithley.B.current"": 0.066667, ""rigol.1.frequency"": 27885858.5859, ""rigol.1.high_level"": 0.001, ""rigol.1.low_level"": -0.001}",{},TRAC1,10001,-42.921932
493,2026-09-03T08:00:04.229403+00:00,ok,"{""keithley.B.current"": 0.066667, ""rigol.1.frequency"": 28187878.7879, ""rigol.1.high_level"": 0.001, ""rigol.1.low_level"": -0.001}",{},TRAC1,10001,-42.879081
494,2026-09-03T08:00:04.408284+00:00,ok,"{""keithley.B.current"": 0.066667, ""rigol.1.frequency"": 28489898.9899, ""rigol.1.high_level"": 0.001, ""rigol.1.low_level"": -0.001}",{},TRAC1,10001,-42.890486
495,2026-09-03T08:00:04.531458+00:00,ok,"{""keithley.B.current"": 0.066667, ""rigol.1.frequency"": 28791919.1919, ""rigol.1.high_level"": 0.001, ""rigol.1.low_level"": -0.001}",{},TRAC1,10001,-42.869915
496,2026-09-03T08:00:04.707378+00:00,ok,"{""keithley.B.current"": 0.066667, ""rigol.1.frequency"": 29093939.3939, ""rigol.1.high_level"": 0.001, ""rigol.1.low_level"": -0.001}",{},TRAC1,10001,-42.904526000000004
497,2026-09-03T08:00:04.868575+00:00,ok,"{""keithley.B.current"": 0.066667, ""rigol.1.frequency"": 29395959.596, ""rigol.1.high_level"": 0.001, ""rigol.1.low_level"": -0.001}",{},TRAC1,10001,-42.897188
498,2026-09-03T08:00:05.043477+00:00,ok,"{""keithley.B.current"": 0.066667, ""rigol.1.frequency"": 29697979.798, ""rigol.1.high_level"": 0.001, ""rigol.1.low_level"": -0.001}",{},TRAC1,10001,-42.887311
499,2026-09-03T08:00:05.264650+00:00,ok,"{""keithley.B.current"": 0.066667, ""rigol.1.frequency"": 30000000.0, ""rigol.1.high_level"": 0.001, ""rigol.1.low_level"": -0.001}",{},TRAC1,10001,-42.86735800000001
500,2026-09-03T08:00:05.470481+00:00,ok,"{""keithley.B.current"": 0.083333, ""rigol.1.frequency"": 100000.0, ""rigol.1.high_level"": 0.001, ""rigol.1.low_level"": -0.001}",{},TRAC1,10001,-42.889312
501,2026-09-03T08:00:05.580017+00:00,ok,"{""keithley.B.current"": 0.083333, ""rigol.1.frequency"": 402020.20202, ""rigol.1.high_level"": 0.001, ""rigol.1.low_level"": -0.001}",{},TRAC1,10001,-42.946117
502,2026-09-03T08:00:05.747026+00:00,ok,"{""keithley.B.current"": 0.083333, ""rigol.1.frequency"": 704040.40404, ""rigol.1.high_level"": 0.001, ""rigol.1.low_level"": -0.001}",{},TRAC1,10001,-42.862005
503,2026-09-03T08:00:05.864503+00:00,ok,"{""keithley.B.current"": 0.083333, ""rigol.1.frequency"": 1006060.60606, ""rigol.1.high_level"": 0.001, ""rigol.1.low_level"": -0.001}",{},TRAC1,10001,-42.90511600000001
504,2026-09-03T08:00:06.027361+00:00,ok,"{""keithley.B.current"": 0.083333, ""rigol.1.frequency"": 1308080.80808, ""rigol.1.high_level"": 0.001, ""rigol.1.low_level"": -0.001}",{},TRAC1,10001,-42.962743
505,2026-09-03T08:00:06.182404+00:00,ok,"{""keithley.B.current"": 0.083333, ""rigol.1.frequency"": 1610101.0101, ""rigol.1.high_level"": 0.001, ""rigol.1.low_level"": -0.001}",{},TRAC1,10001,-42.895262
506,2026-09-03T08:00:06.288986+00:00,ok,"{""keithley.B.current"": 0.083333, ""rigol.1.frequency"": 1912121.21212, ""rigol.1.high_level"": 0.001, ""rigol.1.low_level"": -0.001}",{},TRAC1,10001,-42.90745100000001
507,2026-09-03T08:00:06.461223+00:00,ok,"{""keithley.B.current"": 0.083333, ""rigol.1.frequency"": 2214141.41414, ""rigol.1.high_level"": 0.001, ""rigol.1.low_level"": -0.001}",{},TRAC1,10001,-42.917259
508,2026-09-03T08:00:06.563452+00:00,ok,"{""keithley.B.current"": 0.083333, ""rigol.1.frequency"": 2516161.61616, ""rigol.1.high_level"": 0.001, ""rigol.1.low_level"": -0.001}",{},TRAC1,10001,-42.963864
509,2026-09-03T08:00:06.742784+00:00,ok,"{""keithley.B.current"": 0.083333, ""rigol.1.frequency"": 2818181.81818, ""rigol.1.high_level"": 0.001, ""rigol.1.low_level"": -0.001}",{},TRAC1,10001,-42.963952
510,2026-09-03T08:00:06.890649+00:00,ok,"{""keithley.B.current"": 0.083333, ""rigol.1.frequency"": 3120202.0202, ""rigol.1.high_level"": 0.001, ""rigol.1.low_level"": -0.001}",{},TRAC1,10001,-43.001362
511,2026-09-03T08:00:07.079454+00:00,ok,"{""keithley.B.current"": 0.083333, ""rigol.1.frequency"": 3422222.22222, ""rigol.1.high_level"": 0.001, ""rigol.1.low_level"": -0.001}",{},TRAC1,10001,-42.980916
512,2026-09-03T08:00:07.212931+00:00,ok,"{""keithley.B.current"": 0.083333, ""rigol.1.frequency"": 3724242.42424, ""rigol.1.high_level"": 0.001, ""rigol.1.low_level"": -0.001}",{},TRAC1,10001,-42.97950399999999
513,2026-09-03T08:00:07.399592+00:00,ok,"{""keithley.B.current"": 0.083333, ""rigol.1.frequency"": 4026262.62626, ""rigol.1.high_level"": 0.001, ""rigol.1.low_level"": -0.001}",{},TRAC1,10001,-42.996775
514,2026-09-03T08:00:07.513301+00:00,ok,"{""keithley.B.current"": 0.083333, ""rigol.1.frequency"": 4328282.82828, ""rigol.1.high_level"": 0.001, ""rigol.1.low_level"": -0.001}",{},TRAC1,10001,-42.987605
515,2026-09-03T08:00:07.659936+00:00,ok,"{""keithley.B.current"": 0.083333, ""rigol.1.frequency"": 4630303.0303, ""rigol.1.high_level"": 0.001, ""rigol.1.low_level"": -0.001}",{},TRAC1,10001,-43.034126
516,2026-09-03T08:00:07.834619+00:00,ok,"{""keithley.B.current"": 0.083333, ""rigol.1.frequency"": 4932323.23232, ""rigol.1.high_level"": 0.001, ""rigol.1.low_level"": -0.001}",{},TRAC1,10001,-43.059446
517,2026-09-03T08:00:08.004295+00:00,ok,"{""keithley.B.current"": 0.083333, ""rigol.1.frequency"": 5234343.43434, ""rigol.1.high_level"": 0.001, ""rigol.1.low_level"": -0.001}",{},TRAC1,10001,-43.135684
518,2026-09-03T08:00:08.175587+00:00,ok,"{""keithley.B.current"": 0.083333, ""rigol.1.frequency"": 5536363.63636, ""rigol.1.high_level"": 0.001, ""rigol.1.low_level"": -0.001}",{},TRAC1,10001,-43.116226
519,2026-09-03T08:00:08.330908+00:00,ok,"{""keithley.B.current"": 0.083333, ""rigol.1.frequency"": 5838383.83838, ""rigol.1.high_level"": 0.001, ""rigol.1.low_level"": -0.001}",{},TRAC1,10001,-43.095893
520,2026-09-03T08:00:08.499587+00:00,ok,"{""keithley.B.current"": 0.083333, ""rigol.1.frequency"": 6140404.0404, ""rigol.1.high_level"": 0.001, ""rigol.1.low_level"": -0.001}",{},TRAC1,10001,-43.134507
521,2026-09-03T08:00:08.611749+00:00,ok,"{""keithley.B.current"": 0.083333, ""rigol.1.frequency"": 6442424.24242, ""rigol.1.high_level"": 0.001, ""rigol.1.low_level"": -0.001}",{},TRAC1,10001,-43.17396600000001
522,2026-09-03T08:00:08.787495+00:00,ok,"{""keithley.B.current"": 0.083333, ""rigol.1.frequency"": 6744444.44444, ""rigol.1.high_level"": 0.001, ""rigol.1.low_level"": -0.001}",{},TRAC1,10001,-43.13769
523,2026-09-03T08:00:08.904152+00:00,ok,"{""keithley.B.current"": 0.083333, ""rigol.1.frequency"": 7046464.64646, ""rigol.1.high_level"": 0.001, ""rigol.1.low_level"": -0.001}",{},TRAC1,10001,-43.112192
524,2026-09-03T08:00:09.080021+00:00,ok,"{""keithley.B.current"": 0.083333, ""rigol.1.frequency"": 7348484.84849, ""rigol.1.high_level"": 0.001, ""rigol.1.low_level"": -0.001}",{},TRAC1,10001,-43.154917
525,2026-09-03T08:00:09.242181+00:00,ok,"{""keithley.B.current"": 0.083333, ""rigol.1.frequency"": 7650505.05051, ""rigol.1.high_level"": 0.001, ""rigol.1.low_level"": -0.001}",{},TRAC1,10001,-43.0753
526,2026-09-03T08:00:09.399343+00:00,ok,"{""keithley.B.current"": 0.083333, ""rigol.1.frequency"": 7952525.25252, ""rigol.1.high_level"": 0.001, ""rigol.1.low_level"": -0.001}",{},TRAC1,10001,-43.047062
527,2026-09-03T08:00:09.520882+00:00,ok,"{""keithley.B.current"": 0.083333, ""rigol.1.frequency"": 8254545.45454, ""rigol.1.high_level"": 0.001, ""rigol.1.low_level"": -0.001}",{},TRAC1,10001,-43.041145
528,2026-09-03T08:00:09.700050+00:00,ok,"{""keithley.B.current"": 0.083333, ""rigol.1.frequency"": 8556565.65657, ""rigol.1.high_level"": 0.001, ""rigol.1.low_level"": -0.001}",{},TRAC1,10001,-42.995315
529,2026-09-03T08:00:09.812072+00:00,ok,"{""keithley.B.current"": 0.083333, ""rigol.1.frequency"": 8858585.85859, ""rigol.1.high_level"": 0.001, ""rigol.1.low_level"": -0.001}",{},TRAC1,10001,-43.02209400000001
530,2026-09-03T08:00:09.973578+00:00,ok,"{""keithley.B.current"": 0.083333, ""rigol.1.frequency"": 9160606.06061, ""rigol.1.high_level"": 0.001, ""rigol.1.low_level"": -0.001}",{},TRAC1,10001,-43.01830199999999
531,2026-09-03T08:00:10.092750+00:00,ok,"{""keithley.B.current"": 0.083333, ""rigol.1.frequency"": 9462626.26263, ""rigol.1.high_level"": 0.001, ""rigol.1.low_level"": -0.001}",{},TRAC1,10001,-42.96147599999999
532,2026-09-03T08:00:10.265194+00:00,ok,"{""keithley.B.current"": 0.083333, ""rigol.1.frequency"": 9764646.46465, ""rigol.1.high_level"": 0.001, ""rigol.1.low_level"": -0.001}",{},TRAC1,10001,-42.953089000000006
533,2026-09-03T08:00:10.369534+00:00,ok,"{""keithley.B.current"": 0.083333, ""rigol.1.frequency"": 10066666.6667, ""rigol.1.high_level"": 0.001, ""rigol.1.low_level"": -0.001}",{},TRAC1,10001,-42.977129
534,2026-09-03T08:00:10.543157+00:00,ok,"{""keithley.B.current"": 0.083333, ""rigol.1.frequency"": 10368686.8687, ""rigol.1.high_level"": 0.001, ""rigol.1.low_level"": -0.001}",{},TRAC1,10001,-42.90745
535,2026-09-03T08:00:10.660583+00:00,ok,"{""keithley.B.current"": 0.083333, ""rigol.1.frequency"": 10670707.0707, ""rigol.1.high_level"": 0.001, ""rigol.1.low_level"": -0.001}",{},TRAC1,10001,-42.90988
536,2026-09-03T08:00:10.874764+00:00,ok,"{""keithley.B.current"": 0.083333, ""rigol.1.frequency"": 10972727.2727, ""rigol.1.high_level"": 0.001, ""rigol.1.low_level"": -0.001}",{},TRAC1,10001,-42.896733999999995
537,2026-09-03T08:00:11.072804+00:00,ok,"{""keithley.B.current"": 0.083333, ""rigol.1.frequency"": 11274747.4747, ""rigol.1.high_level"": 0.001, ""rigol.1.low_level"": -0.001}",{},TRAC1,10001,-42.923039
538,2026-09-03T08:00:11.249678+00:00,ok,"{""keithley.B.current"": 0.083333, ""rigol.1.frequency"": 11576767.6768, ""rigol.1.high_level"": 0.001, ""rigol.1.low_level"": -0.001}",{},TRAC1,10001,-42.890879
539,2026-09-03T08:00:11.363053+00:00,ok,"{""keithley.B.current"": 0.083333, ""rigol.1.frequency"": 11878787.8788, ""rigol.1.high_level"": 0.001, ""rigol.1.low_level"": -0.001}",{},TRAC1,10001,-42.940719
540,2026-09-03T08:00:11.487940+00:00,ok,"{""keithley.B.current"": 0.083333, ""rigol.1.frequency"": 12180808.0808, ""rigol.1.high_level"": 0.001, ""rigol.1.low_level"": -0.001}",{},TRAC1,10001,-42.894745
541,2026-09-03T08:00:11.587207+00:00,ok,"{""keithley.B.current"": 0.083333, ""rigol.1.frequency"": 12482828.2828, ""rigol.1.high_level"": 0.001, ""rigol.1.low_level"": -0.001}",{},TRAC1,10001,-42.866423999999995
542,2026-09-03T08:00:11.710753+00:00,ok,"{""keithley.B.current"": 0.083333, ""rigol.1.frequency"": 12784848.4848, ""rigol.1.high_level"": 0.001, ""rigol.1.low_level"": -0.001}",{},TRAC1,10001,-42.862741
543,2026-09-03T08:00:11.795944+00:00,ok,"{""keithley.B.current"": 0.083333, ""rigol.1.frequency"": 13086868.6869, ""rigol.1.high_level"": 0.001, ""rigol.1.low_level"": -0.001}",{},TRAC1,10001,-42.919038
544,2026-09-03T08:00:11.880945+00:00,ok,"{""keithley.B.current"": 0.083333, ""rigol.1.frequency"": 13388888.8889, ""rigol.1.high_level"": 0.001, ""rigol.1.low_level"": -0.001}",{},TRAC1,10001,-42.880792
545,2026-09-03T08:00:12.003166+00:00,ok,"{""keithley.B.current"": 0.083333, ""rigol.1.frequency"": 13690909.0909, ""rigol.1.high_level"": 0.001, ""rigol.1.low_level"": -0.001}",{},TRAC1,10001,-42.863106
546,2026-09-03T08:00:12.114657+00:00,ok,"{""keithley.B.current"": 0.083333, ""rigol.1.frequency"": 13992929.2929, ""rigol.1.high_level"": 0.001, ""rigol.1.low_level"": -0.001}",{},TRAC1,10001,-42.866092
547,2026-09-03T08:00:12.232908+00:00,ok,"{""keithley.B.current"": 0.083333, ""rigol.1.frequency"": 14294949.4949, ""rigol.1.high_level"": 0.001, ""rigol.1.low_level"": -0.001}",{},TRAC1,10001,-42.895667
548,2026-09-03T08:00:12.367898+00:00,ok,"{""keithley.B.current"": 0.083333, ""rigol.1.frequency"": 14596969.697, ""rigol.1.high_level"": 0.001, ""rigol.1.low_level"": -0.001}",{},TRAC1,10001,-42.931201
549,2026-09-03T08:00:12.458091+00:00,ok,"{""keithley.B.current"": 0.083333, ""rigol.1.frequency"": 14898989.899, ""rigol.1.high_level"": 0.001, ""rigol.1.low_level"": -0.001}",{},TRAC1,10001,-42.946992
550,2026-09-03T08:00:12.544019+00:00,ok,"{""keithley.B.current"": 0.083333, ""rigol.1.frequency"": 15201010.101, ""rigol.1.high_level"": 0.001, ""rigol.1.low_level"": -0.001}",{},TRAC1,10001,-42.928785
551,2026-09-03T08:00:12.670401+00:00,ok,"{""keithley.B.current"": 0.083333, ""rigol.1.frequency"": 15503030.303, ""rigol.1.high_level"": 0.001, ""rigol.1.low_level"": -0.001}",{},TRAC1,10001,-42.889568
552,2026-09-03T08:00:12.825581+00:00,ok,"{""keithley.B.current"": 0.083333, ""rigol.1.frequency"": 15805050.5051, ""rigol.1.high_level"": 0.001, ""rigol.1.low_level"": -0.001}",{},TRAC1,10001,-42.969088
553,2026-09-03T08:00:12.957804+00:00,ok,"{""keithley.B.current"": 0.083333, ""rigol.1.frequency"": 16107070.7071, ""rigol.1.high_level"": 0.001, ""rigol.1.low_level"": -0.001}",{},TRAC1,10001,-42.910889
554,2026-09-03T08:00:13.082067+00:00,ok,"{""keithley.B.current"": 0.083333, ""rigol.1.frequency"": 16409090.9091, ""rigol.1.high_level"": 0.001, ""rigol.1.low_level"": -0.001}",{},TRAC1,10001,-42.950756999999996
555,2026-09-03T08:00:13.186857+00:00,ok,"{""keithley.B.current"": 0.083333, ""rigol.1.frequency"": 16711111.1111, ""rigol.1.high_level"": 0.001, ""rigol.1.low_level"": -0.001}",{},TRAC1,10001,-42.983236
556,2026-09-03T08:00:13.304680+00:00,ok,"{""keithley.B.current"": 0.083333, ""rigol.1.frequency"": 17013131.3131, ""rigol.1.high_level"": 0.001, ""rigol.1.low_level"": -0.001}",{},TRAC1,10001,-42.95729899999999
557,2026-09-03T08:00:13.385231+00:00,ok,"{""keithley.B.current"": 0.083333, ""rigol.1.frequency"": 17315151.5152, ""rigol.1.high_level"": 0.001, ""rigol.1.low_level"": -0.001}",{},TRAC1,10001,-43.007725
558,2026-09-03T08:00:13.504816+00:00,ok,"{""keithley.B.current"": 0.083333, ""rigol.1.frequency"": 17617171.7172, ""rigol.1.high_level"": 0.001, ""rigol.1.low_level"": -0.001}",{},TRAC1,10001,-43.009412999999995
559,2026-09-03T08:00:13.621875+00:00,ok,"{""keithley.B.current"": 0.083333, ""rigol.1.frequency"": 17919191.9192, ""rigol.1.high_level"": 0.001, ""rigol.1.low_level"": -0.001}",{},TRAC1,10001,-43.007282000000004
560,2026-09-03T08:00:13.721869+00:00,ok,"{""keithley.B.current"": 0.083333, ""rigol.1.frequency"": 18221212.1212, ""rigol.1.high_level"": 0.001, ""rigol.1.low_level"": -0.001}",{},TRAC1,10001,-43.07034899999999
561,2026-09-03T08:00:13.816331+00:00,ok,"{""keithley.B.current"": 0.083333, ""rigol.1.frequency"": 18523232.3232, ""rigol.1.high_level"": 0.001, ""rigol.1.low_level"": -0.001}",{},TRAC1,10001,-43.05711199999999
562,2026-09-03T08:00:13.933547+00:00,ok,"{""keithley.B.current"": 0.083333, ""rigol.1.frequency"": 18825252.5253, ""rigol.1.high_level"": 0.001, ""rigol.1.low_level"": -0.001}",{},TRAC1,10001,-43.102237
563,2026-09-03T08:00:14.018625+00:00,ok,"{""keithley.B.current"": 0.083333, ""rigol.1.frequency"": 19127272.7273, ""rigol.1.high_level"": 0.001, ""rigol.1.low_level"": -0.001}",{},TRAC1,10001,-43.124932
564,2026-09-03T08:00:14.149558+00:00,ok,"{""keithley.B.current"": 0.083333, ""rigol.1.frequency"": 19429292.9293, ""rigol.1.high_level"": 0.001, ""rigol.1.low_level"": -0.001}",{},TRAC1,10001,-43.12568499999999
565,2026-09-03T08:00:14.244923+00:00,ok,"{""keithley.B.current"": 0.083333, ""rigol.1.frequency"": 19731313.1313, ""rigol.1.high_level"": 0.001, ""rigol.1.low_level"": -0.001}",{},TRAC1,10001,-43.187784
566,2026-09-03T08:00:14.326856+00:00,ok,"{""keithley.B.current"": 0.083333, ""rigol.1.frequency"": 20033333.3333, ""rigol.1.high_level"": 0.001, ""rigol.1.low_level"": -0.001}",{},TRAC1,10001,-43.171431
567,2026-09-03T08:00:14.457027+00:00,ok,"{""keithley.B.current"": 0.083333, ""rigol.1.frequency"": 20335353.5354, ""rigol.1.high_level"": 0.001, ""rigol.1.low_level"": -0.001}",{},TRAC1,10001,-43.137856
568,2026-09-03T08:00:14.556318+00:00,ok,"{""keithley.B.current"": 0.083333, ""rigol.1.frequency"": 20637373.7374, ""rigol.1.high_level"": 0.001, ""rigol.1.low_level"": -0.001}",{},TRAC1,10001,-43.087726
569,2026-09-03T08:00:14.703856+00:00,ok,"{""keithley.B.current"": 0.083333, ""rigol.1.frequency"": 20939393.9394, ""rigol.1.high_level"": 0.001, ""rigol.1.low_level"": -0.001}",{},TRAC1,10001,-43.123702
570,2026-09-03T08:00:14.820292+00:00,ok,"{""keithley.B.current"": 0.083333, ""rigol.1.frequency"": 21241414.1414, ""rigol.1.high_level"": 0.001, ""rigol.1.low_level"": -0.001}",{},TRAC1,10001,-43.158067
571,2026-09-03T08:00:15.004966+00:00,ok,"{""keithley.B.current"": 0.083333, ""rigol.1.frequency"": 21543434.3434, ""rigol.1.high_level"": 0.001, ""rigol.1.low_level"": -0.001}",{},TRAC1,10001,-43.036013999999994
572,2026-09-03T08:00:15.110089+00:00,ok,"{""keithley.B.current"": 0.083333, ""rigol.1.frequency"": 21845454.5455, ""rigol.1.high_level"": 0.001, ""rigol.1.low_level"": -0.001}",{},TRAC1,10001,-43.02046
573,2026-09-03T08:00:15.230148+00:00,ok,"{""keithley.B.current"": 0.083333, ""rigol.1.frequency"": 22147474.7475, ""rigol.1.high_level"": 0.001, ""rigol.1.low_level"": -0.001}",{},TRAC1,10001,-43.029535
574,2026-09-03T08:00:15.322335+00:00,ok,"{""keithley.B.current"": 0.083333, ""rigol.1.frequency"": 22449494.9495, ""rigol.1.high_level"": 0.001, ""rigol.1.low_level"": -0.001}",{},TRAC1,10001,-42.97684099999999
575,2026-09-03T08:00:15.439188+00:00,ok,"{""keithley.B.current"": 0.083333, ""rigol.1.frequency"": 22751515.1515, ""rigol.1.high_level"": 0.001, ""rigol.1.low_level"": -0.001}",{},TRAC1,10001,-42.951686
576,2026-09-03T08:00:15.523105+00:00,ok,"{""keithley.B.current"": 0.083333, ""rigol.1.frequency"": 23053535.3535, ""rigol.1.high_level"": 0.001, ""rigol.1.low_level"": -0.001}",{},TRAC1,10001,-42.974396999999996
577,2026-09-03T08:00:15.605906+00:00,ok,"{""keithley.B.current"": 0.083333, ""rigol.1.frequency"": 23355555.5556, ""rigol.1.high_level"": 0.001, ""rigol.1.low_level"": -0.001}",{},TRAC1,10001,-42.938634
578,2026-09-03T08:00:15.725003+00:00,ok,"{""keithley.B.current"": 0.083333, ""rigol.1.frequency"": 23657575.7576, ""rigol.1.high_level"": 0.001, ""rigol.1.low_level"": -0.001}",{},TRAC1,10001,-42.971406
579,2026-09-03T08:00:15.818173+00:00,ok,"{""keithley.B.current"": 0.083333, ""rigol.1.frequency"": 23959595.9596, ""rigol.1.high_level"": 0.001, ""rigol.1.low_level"": -0.001}",{},TRAC1,10001,-42.903149
580,2026-09-03T08:00:15.908294+00:00,ok,"{""keithley.B.current"": 0.083333, ""rigol.1.frequency"": 24261616.1616, ""rigol.1.high_level"": 0.001, ""rigol.1.low_level"": -0.001}",{},TRAC1,10001,-42.966897
581,2026-09-03T08:00:16.046197+00:00,ok,"{""keithley.B.current"": 0.083333, ""rigol.1.frequency"": 24563636.3636, ""rigol.1.high_level"": 0.001, ""rigol.1.low_level"": -0.001}",{},TRAC1,10001,-42.886919
582,2026-09-03T08:00:16.142016+00:00,ok,"{""keithley.B.current"": 0.083333, ""rigol.1.frequency"": 24865656.5657, ""rigol.1.high_level"": 0.001, ""rigol.1.low_level"": -0.001}",{},TRAC1,10001,-42.886381
583,2026-09-03T08:00:16.269397+00:00,ok,"{""keithley.B.current"": 0.083333, ""rigol.1.frequency"": 25167676.7677, ""rigol.1.high_level"": 0.001, ""rigol.1.low_level"": -0.001}",{},TRAC1,10001,-42.88915
584,2026-09-03T08:00:16.355491+00:00,ok,"{""keithley.B.current"": 0.083333, ""rigol.1.frequency"": 25469696.9697, ""rigol.1.high_level"": 0.001, ""rigol.1.low_level"": -0.001}",{},TRAC1,10001,-42.886103000000006
585,2026-09-03T08:00:16.473049+00:00,ok,"{""keithley.B.current"": 0.083333, ""rigol.1.frequency"": 25771717.1717, ""rigol.1.high_level"": 0.001, ""rigol.1.low_level"": -0.001}",{},TRAC1,10001,-42.871359
586,2026-09-03T08:00:16.570966+00:00,ok,"{""keithley.B.current"": 0.083333, ""rigol.1.frequency"": 26073737.3737, ""rigol.1.high_level"": 0.001, ""rigol.1.low_level"": -0.001}",{},TRAC1,10001,-42.883657
587,2026-09-03T08:00:16.691100+00:00,ok,"{""keithley.B.current"": 0.083333, ""rigol.1.frequency"": 26375757.5758, ""rigol.1.high_level"": 0.001, ""rigol.1.low_level"": -0.001}",{},TRAC1,10001,-42.868696
588,2026-09-03T08:00:16.789530+00:00,ok,"{""keithley.B.current"": 0.083333, ""rigol.1.frequency"": 26677777.7778, ""rigol.1.high_level"": 0.001, ""rigol.1.low_level"": -0.001}",{},TRAC1,10001,-42.868948
589,2026-09-03T08:00:16.949282+00:00,ok,"{""keithley.B.current"": 0.083333, ""rigol.1.frequency"": 26979797.9798, ""rigol.1.high_level"": 0.001, ""rigol.1.low_level"": -0.001}",{},TRAC1,10001,-42.86689799999999
590,2026-09-03T08:00:17.048071+00:00,ok,"{""keithley.B.current"": 0.083333, ""rigol.1.frequency"": 27281818.1818, ""rigol.1.high_level"": 0.001, ""rigol.1.low_level"": -0.001}",{},TRAC1,10001,-42.859743
591,2026-09-03T08:00:17.179599+00:00,ok,"{""keithley.B.current"": 0.083333, ""rigol.1.frequency"": 27583838.3838, ""rigol.1.high_level"": 0.001, ""rigol.1.low_level"": -0.001}",{},TRAC1,10001,-42.939837
592,2026-09-03T08:00:17.270014+00:00,ok,"{""keithley.B.current"": 0.083333, ""rigol.1.frequency"": 27885858.5859, ""rigol.1.high_level"": 0.001, ""rigol.1.low_level"": -0.001}",{},TRAC1,10001,-42.899588
593,2026-09-03T08:00:17.380693+00:00,ok,"{""keithley.B.current"": 0.083333, ""rigol.1.frequency"": 28187878.7879, ""rigol.1.high_level"": 0.001, ""rigol.1.low_level"": -0.001}",{},TRAC1,10001,-42.923289
594,2026-09-03T08:00:17.483985+00:00,ok,"{""keithley.B.current"": 0.083333, ""rigol.1.frequency"": 28489898.9899, ""rigol.1.high_level"": 0.001, ""rigol.1.low_level"": -0.001}",{},TRAC1,10001,-42.92396099999999
595,2026-09-03T08:00:17.568543+00:00,ok,"{""keithley.B.current"": 0.083333, ""rigol.1.frequency"": 28791919.1919, ""rigol.1.high_level"": 0.001, ""rigol.1.low_level"": -0.001}",{},TRAC1,10001,-42.909546
596,2026-09-03T08:00:17.684882+00:00,ok,"{""keithley.B.current"": 0.083333, ""rigol.1.frequency"": 29093939.3939, ""rigol.1.high_level"": 0.001, ""rigol.1.low_level"": -0.001}",{},TRAC1,10001,-42.94451600000001
597,2026-09-03T08:00:17.796444+00:00,ok,"{""keithley.B.current"": 0.083333, ""rigol.1.frequency"": 29395959.596, ""rigol.1.high_level"": 0.001, ""rigol.1.low_level"": -0.001}",{},TRAC1,10001,-42.942349
598,2026-09-03T08:00:17.910570+00:00,ok,"{""keithley.B.current"": 0.083333, ""rigol.1.frequency"": 29697979.798, ""rigol.1.high_level"": 0.001, ""rigol.1.low_level"": -0.001}",{},TRAC1,10001,-42.9559
599,2026-09-03T08:00:18.031546+00:00,ok,"{""keithley.B.current"": 0.083333, ""rigol.1.frequency"": 30000000.0, ""rigol.1.high_level"": 0.001, ""rigol.1.low_level"": -0.001}",{},TRAC1,10001,-42.95291900000001
600,2026-09-03T08:00:18.181444+00:00,ok,"{""keithley.B.current"": 0.1, ""rigol.1.frequency"": 100000.0, ""rigol.1.high_level"": 0.001, ""rigol.1.low_level"": -0.001}",{},TRAC1,10001,-42.952287
601,2026-09-03T08:00:18.355775+00:00,ok,"{""keithley.B.current"": 0.1, ""rigol.1.frequency"": 402020.20202, ""rigol.1.high_level"": 0.001, ""rigol.1.low_level"": -0.001}",{},TRAC1,10001,-43.01754799999999
602,2026-09-03T08:00:18.451732+00:00,ok,"{""keithley.B.current"": 0.1, ""rigol.1.frequency"": 704040.40404, ""rigol.1.high_level"": 0.001, ""rigol.1.low_level"": -0.001}",{},TRAC1,10001,-43.038728
603,2026-09-03T08:00:18.569242+00:00,ok,"{""keithley.B.current"": 0.1, ""rigol.1.frequency"": 1006060.60606, ""rigol.1.high_level"": 0.001, ""rigol.1.low_level"": -0.001}",{},TRAC1,10001,-43.023083
604,2026-09-03T08:00:18.669415+00:00,ok,"{""keithley.B.current"": 0.1, ""rigol.1.frequency"": 1308080.80808, ""rigol.1.high_level"": 0.001, ""rigol.1.low_level"": -0.001}",{},TRAC1,10001,-43.083485
605,2026-09-03T08:00:18.791424+00:00,ok,"{""keithley.B.current"": 0.1, ""rigol.1.frequency"": 1610101.0101, ""rigol.1.high_level"": 0.001, ""rigol.1.low_level"": -0.001}",{},TRAC1,10001,-43.050845
606,2026-09-03T08:00:18.901177+00:00,ok,"{""keithley.B.current"": 0.1, ""rigol.1.frequency"": 1912121.21212, ""rigol.1.high_level"": 0.001, ""rigol.1.low_level"": -0.001}",{},TRAC1,10001,-43.094644
607,2026-09-03T08:00:19.024706+00:00,ok,"{""keithley.B.current"": 0.1, ""rigol.1.frequency"": 2214141.41414, ""rigol.1.high_level"": 0.001, ""rigol.1.low_level"": -0.001}",{},TRAC1,10001,-43.126194
608,2026-09-03T08:00:19.127747+00:00,ok,"{""keithley.B.current"": 0.1, ""rigol.1.frequency"": 2516161.61616, ""rigol.1.high_level"": 0.001, ""rigol.1.low_level"": -0.001}",{},TRAC1,10001,-43.130145
609,2026-09-03T08:00:19.249786+00:00,ok,"{""keithley.B.current"": 0.1, ""rigol.1.frequency"": 2818181.81818, ""rigol.1.high_level"": 0.001, ""rigol.1.low_level"": -0.001}",{},TRAC1,10001,-43.1984
610,2026-09-03T08:00:19.330918+00:00,ok,"{""keithley.B.current"": 0.1, ""rigol.1.frequency"": 3120202.0202, ""rigol.1.high_level"": 0.001, ""rigol.1.low_level"": -0.001}",{},TRAC1,10001,-43.17856900000001
611,2026-09-03T08:00:19.456384+00:00,ok,"{""keithley.B.current"": 0.1, ""rigol.1.frequency"": 3422222.22222, ""rigol.1.high_level"": 0.001, ""rigol.1.low_level"": -0.001}",{},TRAC1,10001,-43.136714
612,2026-09-03T08:00:19.576870+00:00,ok,"{""keithley.B.current"": 0.1, ""rigol.1.frequency"": 3724242.42424, ""rigol.1.high_level"": 0.001, ""rigol.1.low_level"": -0.001}",{},TRAC1,10001,-43.137568
613,2026-09-03T08:00:19.661119+00:00,ok,"{""keithley.B.current"": 0.1, ""rigol.1.frequency"": 4026262.62626, ""rigol.1.high_level"": 0.001, ""rigol.1.low_level"": -0.001}",{},TRAC1,10001,-43.103634
614,2026-09-03T08:00:19.784256+00:00,ok,"{""keithley.B.current"": 0.1, ""rigol.1.frequency"": 4328282.82828, ""rigol.1.high_level"": 0.001, ""rigol.1.low_level"": -0.001}",{},TRAC1,10001,-43.062075
615,2026-09-03T08:00:19.876856+00:00,ok,"{""keithley.B.current"": 0.1, ""rigol.1.frequency"": 4630303.0303, ""rigol.1.high_level"": 0.001, ""rigol.1.low_level"": -0.001}",{},TRAC1,10001,-43.043683
616,2026-09-03T08:00:19.957306+00:00,ok,"{""keithley.B.current"": 0.1, ""rigol.1.frequency"": 4932323.23232, ""rigol.1.high_level"": 0.001, ""rigol.1.low_level"": -0.001}",{},TRAC1,10001,-42.999089
617,2026-09-03T08:00:20.083128+00:00,ok,"{""keithley.B.current"": 0.1, ""rigol.1.frequency"": 5234343.43434, ""rigol.1.high_level"": 0.001, ""rigol.1.low_level"": -0.001}",{},TRAC1,10001,-42.97851899999999
618,2026-09-03T08:00:20.215955+00:00,ok,"{""keithley.B.current"": 0.1, ""rigol.1.frequency"": 5536363.63636, ""rigol.1.high_level"": 0.001, ""rigol.1.low_level"": -0.001}",{},TRAC1,10001,-42.976594
619,2026-09-03T08:00:20.298877+00:00,ok,"{""keithley.B.current"": 0.1, ""rigol.1.frequency"": 5838383.83838, ""rigol.1.high_level"": 0.001, ""rigol.1.low_level"": -0.001}",{},TRAC1,10001,-42.96274699999999
620,2026-09-03T08:00:20.423007+00:00,ok,"{""keithley.B.current"": 0.1, ""rigol.1.frequency"": 6140404.0404, ""rigol.1.high_level"": 0.001, ""rigol.1.low_level"": -0.001}",{},TRAC1,10001,-42.941547
621,2026-09-03T08:00:20.516196+00:00,ok,"{""keithley.B.current"": 0.1, ""rigol.1.frequency"": 6442424.24242, ""rigol.1.high_level"": 0.001, ""rigol.1.low_level"": -0.001}",{},TRAC1,10001,-42.972756
622,2026-09-03T08:00:20.601310+00:00,ok,"{""keithley.B.current"": 0.1, ""rigol.1.frequency"": 6744444.44444, ""rigol.1.high_level"": 0.001, ""rigol.1.low_level"": -0.001}",{},TRAC1,10001,-42.909361
623,2026-09-03T08:00:20.718807+00:00,ok,"{""keithley.B.current"": 0.1, ""rigol.1.frequency"": 7046464.64646, ""rigol.1.high_level"": 0.001, ""rigol.1.low_level"": -0.001}",{},TRAC1,10001,-42.92729299999999
624,2026-09-03T08:00:20.904516+00:00,ok,"{""keithley.B.current"": 0.1, ""rigol.1.frequency"": 7348484.84849, ""rigol.1.high_level"": 0.001, ""rigol.1.low_level"": -0.001}",{},TRAC1,10001,-42.908908
625,2026-09-03T08:00:21.049760+00:00,ok,"{""keithley.B.current"": 0.1, ""rigol.1.frequency"": 7650505.05051, ""rigol.1.high_level"": 0.001, ""rigol.1.low_level"": -0.001}",{},TRAC1,10001,-42.888613
626,2026-09-03T08:00:21.135893+00:00,ok,"{""keithley.B.current"": 0.1, ""rigol.1.frequency"": 7952525.25252, ""rigol.1.high_level"": 0.001, ""rigol.1.low_level"": -0.001}",{},TRAC1,10001,-42.879523
627,2026-09-03T08:00:21.257921+00:00,ok,"{""keithley.B.current"": 0.1, ""rigol.1.frequency"": 8254545.45454, ""rigol.1.high_level"": 0.001, ""rigol.1.low_level"": -0.001}",{},TRAC1,10001,-42.915101
628,2026-09-03T08:00:21.349356+00:00,ok,"{""keithley.B.current"": 0.1, ""rigol.1.frequency"": 8556565.65657, ""rigol.1.high_level"": 0.001, ""rigol.1.low_level"": -0.001}",{},TRAC1,10001,-42.877929
629,2026-09-03T08:00:21.431354+00:00,ok,"{""keithley.B.current"": 0.1, ""rigol.1.frequency"": 8858585.85859, ""rigol.1.high_level"": 0.001, ""rigol.1.low_level"": -0.001}",{},TRAC1,10001,-42.883353
630,2026-09-03T08:00:21.564030+00:00,ok,"{""keithley.B.current"": 0.1, ""rigol.1.frequency"": 9160606.06061, ""rigol.1.high_level"": 0.001, ""rigol.1.low_level"": -0.001}",{},TRAC1,10001,-42.880681
631,2026-09-03T08:00:21.647997+00:00,ok,"{""keithley.B.current"": 0.1, ""rigol.1.frequency"": 9462626.26263, ""rigol.1.high_level"": 0.001, ""rigol.1.low_level"": -0.001}",{},TRAC1,10001,-42.865201
632,2026-09-03T08:00:21.759574+00:00,ok,"{""keithley.B.current"": 0.1, ""rigol.1.frequency"": 9764646.46465, ""rigol.1.high_level"": 0.001, ""rigol.1.low_level"": -0.001}",{},TRAC1,10001,-42.89236799999999
633,2026-09-03T08:00:21.859243+00:00,ok,"{""keithley.B.current"": 0.1, ""rigol.1.frequency"": 10066666.6667, ""rigol.1.high_level"": 0.001, ""rigol.1.low_level"": -0.001}",{},TRAC1,10001,-42.896998
634,2026-09-03T08:00:21.962318+00:00,ok,"{""keithley.B.current"": 0.1, ""rigol.1.frequency"": 10368686.8687, ""rigol.1.high_level"": 0.001, ""rigol.1.low_level"": -0.001}",{},TRAC1,10001,-42.935802
635,2026-09-03T08:00:22.078464+00:00,ok,"{""keithley.B.current"": 0.1, ""rigol.1.frequency"": 10670707.0707, ""rigol.1.high_level"": 0.001, ""rigol.1.low_level"": -0.001}",{},TRAC1,10001,-42.899311
636,2026-09-03T08:00:22.181673+00:00,ok,"{""keithley.B.current"": 0.1, ""rigol.1.frequency"": 10972727.2727, ""rigol.1.high_level"": 0.001, ""rigol.1.low_level"": -0.001}",{},TRAC1,10001,-42.923091
637,2026-09-03T08:00:22.352230+00:00,ok,"{""keithley.B.current"": 0.1, ""rigol.1.frequency"": 11274747.4747, ""rigol.1.high_level"": 0.001, ""rigol.1.low_level"": -0.001}",{},TRAC1,10001,-42.880544
638,2026-09-03T08:00:22.464886+00:00,ok,"{""keithley.B.current"": 0.1, ""rigol.1.frequency"": 11576767.6768, ""rigol.1.high_level"": 0.001, ""rigol.1.low_level"": -0.001}",{},TRAC1,10001,-42.889403
639,2026-09-03T08:00:22.548320+00:00,ok,"{""keithley.B.current"": 0.1, ""rigol.1.frequency"": 11878787.8788, ""rigol.1.high_level"": 0.001, ""rigol.1.low_level"": -0.001}",{},TRAC1,10001,-42.905914
640,2026-09-03T08:00:22.675246+00:00,ok,"{""keithley.B.current"": 0.1, ""rigol.1.frequency"": 12180808.0808, ""rigol.1.high_level"": 0.001, ""rigol.1.low_level"": -0.001}",{},TRAC1,10001,-42.940064
641,2026-09-03T08:00:22.760975+00:00,ok,"{""keithley.B.current"": 0.1, ""rigol.1.frequency"": 12482828.2828, ""rigol.1.high_level"": 0.001, ""rigol.1.low_level"": -0.001}",{},TRAC1,10001,-42.933310000000006
642,2026-09-03T08:00:22.931098+00:00,ok,"{""keithley.B.current"": 0.1, ""rigol.1.frequency"": 12784848.4848, ""rigol.1.high_level"": 0.001, ""rigol.1.low_level"": -0.001}",{},TRAC1,10001,-42.927049
643,2026-09-03T08:00:23.031830+00:00,ok,"{""keithley.B.current"": 0.1, ""rigol.1.frequency"": 13086868.6869, ""rigol.1.high_level"": 0.001, ""rigol.1.low_level"": -0.001}",{},TRAC1,10001,-42.993707
644,2026-09-03T08:00:23.156887+00:00,ok,"{""keithley.B.current"": 0.1, ""rigol.1.frequency"": 13388888.8889, ""rigol.1.high_level"": 0.001, ""rigol.1.low_level"": -0.001}",{},TRAC1,10001,-43.00292300000001
645,2026-09-03T08:00:23.255756+00:00,ok,"{""keithley.B.current"": 0.1, ""rigol.1.frequency"": 13690909.0909, ""rigol.1.high_level"": 0.001, ""rigol.1.low_level"": -0.001}",{},TRAC1,10001,-42.999768
646,2026-09-03T08:00:23.370369+00:00,ok,"{""keithley.B.current"": 0.1, ""rigol.1.frequency"": 13992929.2929, ""rigol.1.high_level"": 0.001, ""rigol.1.low_level"": -0.001}",{},TRAC1,10001,-43.001917
647,2026-09-03T08:00:23.451248+00:00,ok,"{""keithley.B.current"": 0.1, ""rigol.1.frequency"": 14294949.4949, ""rigol.1.high_level"": 0.001, ""rigol.1.low_level"": -0.001}",{},TRAC1,10001,-43.010718
648,2026-09-03T08:00:23.568639+00:00,ok,"{""keithley.B.current"": 0.1, ""rigol.1.frequency"": 14596969.697, ""rigol.1.high_level"": 0.001, ""rigol.1.low_level"": -0.001}",{},TRAC1,10001,-43.052093
649,2026-09-03T08:00:23.697671+00:00,ok,"{""keithley.B.current"": 0.1, ""rigol.1.frequency"": 14898989.899, ""rigol.1.high_level"": 0.001, ""rigol.1.low_level"": -0.001}",{},TRAC1,10001,-43.074389
650,2026-09-03T08:00:23.788269+00:00,ok,"{""keithley.B.current"": 0.1, ""rigol.1.frequency"": 15201010.101, ""rigol.1.high_level"": 0.001, ""rigol.1.low_level"": -0.001}",{},TRAC1,10001,-43.097417
651,2026-09-03T08:00:23.907992+00:00,ok,"{""keithley.B.current"": 0.1, ""rigol.1.frequency"": 15503030.303, ""rigol.1.high_level"": 0.001, ""rigol.1.low_level"": -0.001}",{},TRAC1,10001,-43.144542
652,2026-09-03T08:00:24.011473+00:00,ok,"{""keithley.B.current"": 0.1, ""rigol.1.frequency"": 15805050.5051, ""rigol.1.high_level"": 0.001, ""rigol.1.low_level"": -0.001}",{},TRAC1,10001,-43.176286
653,2026-09-03T08:00:24.150041+00:00,ok,"{""keithley.B.current"": 0.1, ""rigol.1.frequency"": 16107070.7071, ""rigol.1.high_level"": 0.001, ""rigol.1.low_level"": -0.001}",{},TRAC1,10001,-43.188682
654,2026-09-03T08:00:24.242773+00:00,ok,"{""keithley.B.current"": 0.1, ""rigol.1.frequency"": 16409090.9091, ""rigol.1.high_level"": 0.001, ""rigol.1.low_level"": -0.001}",{},TRAC1,10001,-43.191697
655,2026-09-03T08:00:24.361477+00:00,ok,"{""keithley.B.current"": 0.1, ""rigol.1.frequency"": 16711111.1111, ""rigol.1.high_level"": 0.001, ""rigol.1.low_level"": -0.001}",{},TRAC1,10001,-43.103339
656,2026-09-03T08:00:24.443304+00:00,ok,"{""keithley.B.current"": 0.1, ""rigol.1.frequency"": 17013131.3131, ""rigol.1.high_level"": 0.001, ""rigol.1.low_level"": -0.001}",{},TRAC1,10001,-43.088064
657,2026-09-03T08:00:24.576200+00:00,ok,"{""keithley.B.current"": 0.1, ""rigol.1.frequency"": 17315151.5152, ""rigol.1.high_level"": 0.001, ""rigol.1.low_level"": -0.001}",{},TRAC1,10001,-43.100983
658,2026-09-03T08:00:24.662776+00:00,ok,"{""keithley.B.current"": 0.1, ""rigol.1.frequency"": 17617171.7172, ""rigol.1.high_level"": 0.001, ""rigol.1.low_level"": -0.001}",{},TRAC1,10001,-43.059977
659,2026-09-03T08:00:24.745830+00:00,ok,"{""keithley.B.current"": 0.1, ""rigol.1.frequency"": 17919191.9192, ""rigol.1.high_level"": 0.001, ""rigol.1.low_level"": -0.001}",{},TRAC1,10001,-43.052073
660,2026-09-03T08:00:24.921336+00:00,ok,"{""keithley.B.current"": 0.1, ""rigol.1.frequency"": 18221212.1212, ""rigol.1.high_level"": 0.001, ""rigol.1.low_level"": -0.001}",{},TRAC1,10001,-43.001267
661,2026-09-03T08:00:25.024266+00:00,ok,"{""keithley.B.current"": 0.1, ""rigol.1.frequency"": 18523232.3232, ""rigol.1.high_level"": 0.001, ""rigol.1.low_level"": -0.001}",{},TRAC1,10001,-43.02223599999999
662,2026-09-03T08:00:25.164777+00:00,ok,"{""keithley.B.current"": 0.1, ""rigol.1.frequency"": 18825252.5253, ""rigol.1.high_level"": 0.001, ""rigol.1.low_level"": -0.001}",{},TRAC1,10001,-42.967825
663,2026-09-03T08:00:25.253673+00:00,ok,"{""keithley.B.current"": 0.1, ""rigol.1.frequency"": 19127272.7273, ""rigol.1.high_level"": 0.001, ""rigol.1.low_level"": -0.001}",{},TRAC1,10001,-43.029975
664,2026-09-03T08:00:25.381553+00:00,ok,"{""keithley.B.current"": 0.1, ""rigol.1.frequency"": 19429292.9293, ""rigol.1.high_level"": 0.001, ""rigol.1.low_level"": -0.001}",{},TRAC1,10001,-42.96080500000001
665,2026-09-03T08:00:25.467504+00:00,ok,"{""keithley.B.current"": 0.1, ""rigol.1.frequency"": 19731313.1313, ""rigol.1.high_level"": 0.001, ""rigol.1.low_level"": -0.001}",{},TRAC1,10001,-42.98618400000001
666,2026-09-03T08:00:25.567168+00:00,ok,"{""keithley.B.current"": 0.1, ""rigol.1.frequency"": 20033333.3333, ""rigol.1.high_level"": 0.001, ""rigol.1.low_level"": -0.001}",{},TRAC1,10001,-42.966791
667,2026-09-03T08:00:25.679237+00:00,ok,"{""keithley.B.current"": 0.1, ""rigol.1.frequency"": 20335353.5354, ""rigol.1.high_level"": 0.001, ""rigol.1.low_level"": -0.001}",{},TRAC1,10001,-42.92444
668,2026-09-03T08:00:25.765858+00:00,ok,"{""keithley.B.current"": 0.1, ""rigol.1.frequency"": 20637373.7374, ""rigol.1.high_level"": 0.001, ""rigol.1.low_level"": -0.001}",{},TRAC1,10001,-42.90447999999999
669,2026-09-03T08:00:25.882920+00:00,ok,"{""keithley.B.current"": 0.1, ""rigol.1.frequency"": 20939393.9394, ""rigol.1.high_level"": 0.001, ""rigol.1.low_level"": -0.001}",{},TRAC1,10001,-42.883198
670,2026-09-03T08:00:25.978847+00:00,ok,"{""keithley.B.current"": 0.1, ""rigol.1.frequency"": 21241414.1414, ""rigol.1.high_level"": 0.001, ""rigol.1.low_level"": -0.001}",{},TRAC1,10001,-42.901906
671,2026-09-03T08:00:26.097448+00:00,ok,"{""keithley.B.current"": 0.1, ""rigol.1.frequency"": 21543434.3434, ""rigol.1.high_level"": 0.001, ""rigol.1.low_level"": -0.001}",{},TRAC1,10001,-42.910763
672,2026-09-03T08:00:26.221822+00:00,ok,"{""keithley.B.current"": 0.1, ""rigol.1.frequency"": 21845454.5455, ""rigol.1.high_level"": 0.001, ""rigol.1.low_level"": -0.001}",{},TRAC1,10001,-42.909045
673,2026-09-03T08:00:26.369795+00:00,ok,"{""keithley.B.current"": 0.1, ""rigol.1.frequency"": 22147474.7475, ""rigol.1.high_level"": 0.001, ""rigol.1.low_level"": -0.001}",{},TRAC1,10001,-42.897392
674,2026-09-03T08:00:26.516865+00:00,ok,"{""keithley.B.current"": 0.1, ""rigol.1.frequency"": 22449494.9495, ""rigol.1.high_level"": 0.001, ""rigol.1.low_level"": -0.001}",{},TRAC1,10001,-42.886194
675,2026-09-03T08:00:26.635605+00:00,ok,"{""keithley.B.current"": 0.1, ""rigol.1.frequency"": 22751515.1515, ""rigol.1.high_level"": 0.001, ""rigol.1.low_level"": -0.001}",{},TRAC1,10001,-42.892389
676,2026-09-03T08:00:26.718116+00:00,ok,"{""keithley.B.current"": 0.1, ""rigol.1.frequency"": 23053535.3535, ""rigol.1.high_level"": 0.001, ""rigol.1.low_level"": -0.001}",{},TRAC1,10001,-42.905083
677,2026-09-03T08:00:26.873109+00:00,ok,"{""keithley.B.current"": 0.1, ""rigol.1.frequency"": 23355555.5556, ""rigol.1.high_level"": 0.001, ""rigol.1.low_level"": -0.001}",{},TRAC1,10001,-42.888535000000005
678,2026-09-03T08:00:26.964693+00:00,ok,"{""keithley.B.current"": 0.1, ""rigol.1.frequency"": 23657575.7576, ""rigol.1.high_level"": 0.001, ""rigol.1.low_level"": -0.001}",{},TRAC1,10001,-42.891236
679,2026-09-03T08:00:27.092765+00:00,ok,"{""keithley.B.current"": 0.1, ""rigol.1.frequency"": 23959595.9596, ""rigol.1.high_level"": 0.001, ""rigol.1.low_level"": -0.001}",{},TRAC1,10001,-42.93690599999999
680,2026-09-03T08:00:27.186428+00:00,ok,"{""keithley.B.current"": 0.1, ""rigol.1.frequency"": 24261616.1616, ""rigol.1.high_level"": 0.001, ""rigol.1.low_level"": -0.001}",{},TRAC1,10001,-42.872477
681,2026-09-03T08:00:27.310764+00:00,ok,"{""keithley.B.current"": 0.1, ""rigol.1.frequency"": 24563636.3636, ""rigol.1.high_level"": 0.001, ""rigol.1.low_level"": -0.001}",{},TRAC1,10001,-42.930464
682,2026-09-03T08:00:27.394132+00:00,ok,"{""keithley.B.current"": 0.1, ""rigol.1.frequency"": 24865656.5657, ""rigol.1.high_level"": 0.001, ""rigol.1.low_level"": -0.001}",{},TRAC1,10001,-42.894683
683,2026-09-03T08:00:27.514225+00:00,ok,"{""keithley.B.current"": 0.1, ""rigol.1.frequency"": 25167676.7677, ""rigol.1.high_level"": 0.001, ""rigol.1.low_level"": -0.001}",{},TRAC1,10001,-42.99382299999999
684,2026-09-03T08:00:27.607176+00:00,ok,"{""keithley.B.current"": 0.1, ""rigol.1.frequency"": 25469696.9697, ""rigol.1.high_level"": 0.001, ""rigol.1.low_level"": -0.001}",{},TRAC1,10001,-42.984700000000004
685,2026-09-03T08:00:27.692980+00:00,ok,"{""keithley.B.current"": 0.1, ""rigol.1.frequency"": 25771717.1717, ""rigol.1.high_level"": 0.001, ""rigol.1.low_level"": -0.001}",{},TRAC1,10001,-42.928867
686,2026-09-03T08:00:27.807707+00:00,ok,"{""keithley.B.current"": 0.1, ""rigol.1.frequency"": 26073737.3737, ""rigol.1.high_level"": 0.001, ""rigol.1.low_level"": -0.001}",{},TRAC1,10001,-42.927374
687,2026-09-03T08:00:27.930429+00:00,ok,"{""keithley.B.current"": 0.1, ""rigol.1.frequency"": 26375757.5758, ""rigol.1.high_level"": 0.001, ""rigol.1.low_level"": -0.001}",{},TRAC1,10001,-42.967355999999995
688,2026-09-03T08:00:28.054051+00:00,ok,"{""keithley.B.current"": 0.1, ""rigol.1.frequency"": 26677777.7778, ""rigol.1.high_level"": 0.001, ""rigol.1.low_level"": -0.001}",{},TRAC1,10001,-42.995953
689,2026-09-03T08:00:28.167268+00:00,ok,"{""keithley.B.current"": 0.1, ""rigol.1.frequency"": 26979797.9798, ""rigol.1.high_level"": 0.001, ""rigol.1.low_level"": -0.001}",{},TRAC1,10001,-42.997793
690,2026-09-03T08:00:28.284930+00:00,ok,"{""keithley.B.current"": 0.1, ""rigol.1.frequency"": 27281818.1818, ""rigol.1.high_level"": 0.001, ""rigol.1.low_level"": -0.001}",{},TRAC1,10001,-43.025673
691,2026-09-03T08:00:28.380809+00:00,ok,"{""keithley.B.current"": 0.1, ""rigol.1.frequency"": 27583838.3838, ""rigol.1.high_level"": 0.001, ""rigol.1.low_level"": -0.001}",{},TRAC1,10001,-43.030681
692,2026-09-03T08:00:28.467317+00:00,ok,"{""keithley.B.current"": 0.1, ""rigol.1.frequency"": 27885858.5859, ""rigol.1.high_level"": 0.001, ""rigol.1.low_level"": -0.001}",{},TRAC1,10001,-43.041633
693,2026-09-03T08:00:28.590662+00:00,ok,"{""keithley.B.current"": 0.1, ""rigol.1.frequency"": 28187878.7879, ""rigol.1.high_level"": 0.001, ""rigol.1.low_level"": -0.001}",{},TRAC1,10001,-43.115634
694,2026-09-03T08:00:28.687326+00:00,ok,"{""keithley.B.current"": 0.1, ""rigol.1.frequency"": 28489898.9899, ""rigol.1.high_level"": 0.001, ""rigol.1.low_level"": -0.001}",{},TRAC1,10001,-43.155117000000004
695,2026-09-03T08:00:28.810150+00:00,ok,"{""keithley.B.current"": 0.1, ""rigol.1.frequency"": 28791919.1919, ""rigol.1.high_level"": 0.001, ""rigol.1.low_level"": -0.001}",{},TRAC1,10001,-43.104969
696,2026-09-03T08:00:28.921983+00:00,ok,"{""keithley.B.current"": 0.1, ""rigol.1.frequency"": 29093939.3939, ""rigol.1.high_level"": 0.001, ""rigol.1.low_level"": -0.001}",{},TRAC1,10001,-43.13219
697,2026-09-03T08:00:29.050788+00:00,ok,"{""keithley.B.current"": 0.1, ""rigol.1.frequency"": 29395959.596, ""rigol.1.high_level"": 0.001, ""rigol.1.low_level"": -0.001}",{},TRAC1,10001,-43.167298
698,2026-09-03T08:00:29.157478+00:00,ok,"{""keithley.B.current"": 0.1, ""rigol.1.frequency"": 29697979.798, ""rigol.1.high_level"": 0.001, ""rigol.1.low_level"": -0.001}",{},TRAC1,10001,-43.13949100000001
699,2026-09-03T08:00:29.243287+00:00,ok,"{""keithley.B.current"": 0.1, ""rigol.1.frequency"": 30000000.0, ""rigol.1.high_level"": 0.001, ""rigol.1.low_level"": -0.001}",{},TRAC1,10001,-43.126551
700,2026-09-03T08:00:29.377334+00:00,ok,"{""keithley.B.current"": 0.11667, ""rigol.1.frequency"": 100000.0, ""rigol.1.high_level"": 0.001, ""rigol.1.low_level"": -0.001}",{},TRAC1,10001,-43.118329
701,2026-09-03T08:00:29.465442+00:00,ok,"{""keithley.B.current"": 0.11667, ""rigol.1.frequency"": 402020.20202, ""rigol.1.high_level"": 0.001, ""rigol.1.low_level"": -0.001}",{},TRAC1,10001,-43.091869
702,2026-09-03T08:00:29.585940+00:00,ok,"{""keithley.B.current"": 0.11667, ""rigol.1.frequency"": 704040.40404, ""rigol.1.high_level"": 0.001, ""rigol.1.low_level"": -0.001}",{},TRAC1,10001,-43.055773
703,2026-09-03T08:00:29.670806+00:00,ok,"{""keithley.B.current"": 0.11667, ""rigol.1.frequency"": 1006060.60606, ""rigol.1.high_level"": 0.001, ""rigol.1.low_level"": -0.001}",{},TRAC1,10001,-43.018619
704,2026-09-03T08:00:29.787401+00:00,ok,"{""keithley.B.current"": 0.11667, ""rigol.1.frequency"": 1308080.80808, ""rigol.1.high_level"": 0.001, ""rigol.1.low_level"": -0.001}",{},TRAC1,10001,-43.018743
705,2026-09-03T08:00:29.881888+00:00,ok,"{""keithley.B.current"": 0.11667, ""rigol.1.frequency"": 1610101.0101, ""rigol.1.high_level"": 0.001, ""rigol.1.low_level"": -0.001}",{},TRAC1,10001,-43.028037
706,2026-09-03T08:00:29.964311+00:00,ok,"{""keithley.B.current"": 0.11667, ""rigol.1.frequency"": 1912121.21212, ""rigol.1.high_level"": 0.001, ""rigol.1.low_level"": -0.001}",{},TRAC1,10001,-42.989692000000005
707,2026-09-03T08:00:30.095638+00:00,ok,"{""keithley.B.current"": 0.11667, ""rigol.1.frequency"": 2214141.41414, ""rigol.1.high_level"": 0.001, ""rigol.1.low_level"": -0.001}",{},TRAC1,10001,-42.946649
708,2026-09-03T08:00:30.234602+00:00,ok,"{""keithley.B.current"": 0.11667, ""rigol.1.frequency"": 2516161.61616, ""rigol.1.high_level"": 0.001, ""rigol.1.low_level"": -0.001}",{},TRAC1,10001,-42.950405
709,2026-09-03T08:00:30.329487+00:00,ok,"{""keithley.B.current"": 0.11667, ""rigol.1.frequency"": 2818181.81818, ""rigol.1.high_level"": 0.001, ""rigol.1.low_level"": -0.001}",{},TRAC1,10001,-42.948539
710,2026-09-03T08:00:30.442560+00:00,ok,"{""keithley.B.current"": 0.11667, ""rigol.1.frequency"": 3120202.0202, ""rigol.1.high_level"": 0.001, ""rigol.1.low_level"": -0.001}",{},TRAC1,10001,-42.914692
711,2026-09-03T08:00:30.558390+00:00,ok,"{""keithley.B.current"": 0.11667, ""rigol.1.frequency"": 3422222.22222, ""rigol.1.high_level"": 0.001, ""rigol.1.low_level"": -0.001}",{},TRAC1,10001,-42.907553
712,2026-09-03T08:00:30.705913+00:00,ok,"{""keithley.B.current"": 0.11667, ""rigol.1.frequency"": 3724242.42424, ""rigol.1.high_level"": 0.001, ""rigol.1.low_level"": -0.001}",{},TRAC1,10001,-42.90506
713,2026-09-03T08:00:30.791430+00:00,ok,"{""keithley.B.current"": 0.11667, ""rigol.1.frequency"": 4026262.62626, ""rigol.1.high_level"": 0.001, ""rigol.1.low_level"": -0.001}",{},TRAC1,10001,-42.905112
714,2026-09-03T08:00:30.934685+00:00,ok,"{""keithley.B.current"": 0.11667, ""rigol.1.frequency"": 4328282.82828, ""rigol.1.high_level"": 0.001, ""rigol.1.low_level"": -0.001}",{},TRAC1,10001,-42.879144
715,2026-09-03T08:00:31.074119+00:00,ok,"{""keithley.B.current"": 0.11667, ""rigol.1.frequency"": 4630303.0303, ""rigol.1.high_level"": 0.001, ""rigol.1.low_level"": -0.001}",{},TRAC1,10001,-42.863857
716,2026-09-03T08:00:31.201407+00:00,ok,"{""keithley.B.current"": 0.11667, ""rigol.1.frequency"": 4932323.23232, ""rigol.1.high_level"": 0.001, ""rigol.1.low_level"": -0.001}",{},TRAC1,10001,-42.874712
717,2026-09-03T08:00:31.326237+00:00,ok,"{""keithley.B.current"": 0.11667, ""rigol.1.frequency"": 5234343.43434, ""rigol.1.high_level"": 0.001, ""rigol.1.low_level"": -0.001}",{},TRAC1,10001,-42.888646
718,2026-09-03T08:00:31.455893+00:00,ok,"{""keithley.B.current"": 0.11667, ""rigol.1.frequency"": 5536363.63636, ""rigol.1.high_level"": 0.001, ""rigol.1.low_level"": -0.001}",{},TRAC1,10001,-42.88248
719,2026-09-03T08:00:31.541289+00:00,ok,"{""keithley.B.current"": 0.11667, ""rigol.1.frequency"": 5838383.83838, ""rigol.1.high_level"": 0.001, ""rigol.1.low_level"": -0.001}",{},TRAC1,10001,-42.880801000000005
720,2026-09-03T08:00:31.645386+00:00,ok,"{""keithley.B.current"": 0.11667, ""rigol.1.frequency"": 6140404.0404, ""rigol.1.high_level"": 0.001, ""rigol.1.low_level"": -0.001}",{},TRAC1,10001,-42.862434
721,2026-09-03T08:00:31.752968+00:00,ok,"{""keithley.B.current"": 0.11667, ""rigol.1.frequency"": 6442424.24242, ""rigol.1.high_level"": 0.001, ""rigol.1.low_level"": -0.001}",{},TRAC1,10001,-42.884927
722,2026-09-03T08:00:31.844619+00:00,ok,"{""keithley.B.current"": 0.11667, ""rigol.1.frequency"": 6744444.44444, ""rigol.1.high_level"": 0.001, ""rigol.1.low_level"": -0.001}",{},TRAC1,10001,-42.894708
723,2026-09-03T08:00:31.960371+00:00,ok,"{""keithley.B.current"": 0.11667, ""rigol.1.frequency"": 7046464.64646, ""rigol.1.high_level"": 0.001, ""rigol.1.low_level"": -0.001}",{},TRAC1,10001,-42.884771
724,2026-09-03T08:00:32.078333+00:00,ok,"{""keithley.B.current"": 0.11667, ""rigol.1.frequency"": 7348484.84849, ""rigol.1.high_level"": 0.001, ""rigol.1.low_level"": -0.001}",{},TRAC1,10001,-42.941905
725,2026-09-03T08:00:32.226622+00:00,ok,"{""keithley.B.current"": 0.11667, ""rigol.1.frequency"": 7650505.05051, ""rigol.1.high_level"": 0.001, ""rigol.1.low_level"": -0.001}",{},TRAC1,10001,-42.880303
726,2026-09-03T08:00:32.328881+00:00,ok,"{""keithley.B.current"": 0.11667, ""rigol.1.frequency"": 7952525.25252, ""rigol.1.high_level"": 0.001, ""rigol.1.low_level"": -0.001}",{},TRAC1,10001,-42.940509000000006
727,2026-09-03T08:00:32.445348+00:00,ok,"{""keithley.B.current"": 0.11667, ""rigol.1.frequency"": 8254545.45454, ""rigol.1.high_level"": 0.001, ""rigol.1.low_level"": -0.001}",{},TRAC1,10001,-42.919070000000005
728,2026-09-03T08:00:32.530624+00:00,ok,"{""keithley.B.current"": 0.11667, ""rigol.1.frequency"": 8556565.65657, ""rigol.1.high_level"": 0.001, ""rigol.1.low_level"": -0.001}",{},TRAC1,10001,-42.958648
729,2026-09-03T08:00:32.661923+00:00,ok,"{""keithley.B.current"": 0.11667, ""rigol.1.frequency"": 8858585.85859, ""rigol.1.high_level"": 0.001, ""rigol.1.low_level"": -0.001}",{},TRAC1,10001,-43.007124000000005
730,2026-09-03T08:00:32.750157+00:00,ok,"{""keithley.B.current"": 0.11667, ""rigol.1.frequency"": 9160606.06061, ""rigol.1.high_level"": 0.001, ""rigol.1.low_level"": -0.001}",{},TRAC1,10001,-42.996984999999995
731,2026-09-03T08:00:32.850910+00:00,ok,"{""keithley.B.current"": 0.11667, ""rigol.1.frequency"": 9462626.26263, ""rigol.1.high_level"": 0.001, ""rigol.1.low_level"": -0.001}",{},TRAC1,10001,-43.04507
732,2026-09-03T08:00:33.000478+00:00,ok,"{""keithley.B.current"": 0.11667, ""rigol.1.frequency"": 9764646.46465, ""rigol.1.high_level"": 0.001, ""rigol.1.low_level"": -0.001}",{},TRAC1,10001,-42.97327799999999
733,2026-09-03T08:00:33.131937+00:00,ok,"{""keithley.B.current"": 0.11667, ""rigol.1.frequency"": 10066666.6667, ""rigol.1.high_level"": 0.001, ""rigol.1.low_level"": -0.001}",{},TRAC1,10001,-43.000674
734,2026-09-03T08:00:33.236038+00:00,ok,"{""keithley.B.current"": 0.11667, ""rigol.1.frequency"": 10368686.8687, ""rigol.1.high_level"": 0.001, ""rigol.1.low_level"": -0.001}",{},TRAC1,10001,-43.000432
735,2026-09-03T08:00:33.353197+00:00,ok,"{""keithley.B.current"": 0.11667, ""rigol.1.frequency"": 10670707.0707, ""rigol.1.high_level"": 0.001, ""rigol.1.low_level"": -0.001}",{},TRAC1,10001,-43.023178
736,2026-09-03T08:00:33.444818+00:00,ok,"{""keithley.B.current"": 0.11667, ""rigol.1.frequency"": 10972727.2727, ""rigol.1.high_level"": 0.001, ""rigol.1.low_level"": -0.001}",{},TRAC1,10001,-43.069152
737,2026-09-03T08:00:33.565723+00:00,ok,"{""keithley.B.current"": 0.11667, ""rigol.1.frequency"": 11274747.4747, ""rigol.1.high_level"": 0.001, ""rigol.1.low_level"": -0.001}",{},TRAC1,10001,-43.06916100000001
738,2026-09-03T08:00:33.680714+00:00,ok,"{""keithley.B.current"": 0.11667, ""rigol.1.frequency"": 11576767.6768, ""rigol.1.high_level"": 0.001, ""rigol.1.low_level"": -0.001}",{},TRAC1,10001,-43.16454
739,2026-09-03T08:00:33.773851+00:00,ok,"{""keithley.B.current"": 0.11667, ""rigol.1.frequency"": 11878787.8788, ""rigol.1.high_level"": 0.001, ""rigol.1.low_level"": -0.001}",{},TRAC1,10001,-43.184684
740,2026-09-03T08:00:33.868618+00:00,ok,"{""keithley.B.current"": 0.11667, ""rigol.1.frequency"": 12180808.0808, ""rigol.1.high_level"": 0.001, ""rigol.1.low_level"": -0.001}",{},TRAC1,10001,-43.151469000000006
741,2026-09-03T08:00:33.983599+00:00,ok,"{""keithley.B.current"": 0.11667, ""rigol.1.frequency"": 12482828.2828, ""rigol.1.high_level"": 0.001, ""rigol.1.low_level"": -0.001}",{},TRAC1,10001,-43.15644499999999
742,2026-09-03T08:00:34.103583+00:00,ok,"{""keithley.B.current"": 0.11667, ""rigol.1.frequency"": 12784848.4848, ""rigol.1.high_level"": 0.001, ""rigol.1.low_level"": -0.001}",{},TRAC1,10001,-43.160354
743,2026-09-03T08:00:34.232547+00:00,ok,"{""keithley.B.current"": 0.11667, ""rigol.1.frequency"": 13086868.6869, ""rigol.1.high_level"": 0.001, ""rigol.1.low_level"": -0.001}",{},TRAC1,10001,-43.133303999999995
744,2026-09-03T08:00:34.327925+00:00,ok,"{""keithley.B.current"": 0.11667, ""rigol.1.frequency"": 13388888.8889, ""rigol.1.high_level"": 0.001, ""rigol.1.low_level"": -0.001}",{},TRAC1,10001,-43.105744
745,2026-09-03T08:00:34.411207+00:00,ok,"{""keithley.B.current"": 0.11667, ""rigol.1.frequency"": 13690909.0909, ""rigol.1.high_level"": 0.001, ""rigol.1.low_level"": -0.001}",{},TRAC1,10001,-43.114059
746,2026-09-03T08:00:34.538723+00:00,ok,"{""keithley.B.current"": 0.11667, ""rigol.1.frequency"": 13992929.2929, ""rigol.1.high_level"": 0.001, ""rigol.1.low_level"": -0.001}",{},TRAC1,10001,-43.063953
747,2026-09-03T08:00:34.637082+00:00,ok,"{""keithley.B.current"": 0.11667, ""rigol.1.frequency"": 14294949.4949, ""rigol.1.high_level"": 0.001, ""rigol.1.low_level"": -0.001}",{},TRAC1,10001,-43.02695800000001
748,2026-09-03T08:00:34.753546+00:00,ok,"{""keithley.B.current"": 0.11667, ""rigol.1.frequency"": 14596969.697, ""rigol.1.high_level"": 0.001, ""rigol.1.low_level"": -0.001}",{},TRAC1,10001,-43.018321
749,2026-09-03T08:00:34.860787+00:00,ok,"{""keithley.B.current"": 0.11667, ""rigol.1.frequency"": 14898989.899, ""rigol.1.high_level"": 0.001, ""rigol.1.low_level"": -0.001}",{},TRAC1,10001,-42.975593
750,2026-09-03T08:00:34.990778+00:00,ok,"{""keithley.B.current"": 0.11667, ""rigol.1.frequency"": 15201010.101, ""rigol.1.high_level"": 0.001, ""rigol.1.low_level"": -0.001}",{},TRAC1,10001,-42.976232
751,2026-09-03T08:00:35.185241+00:00,ok,"{""keithley.B.current"": 0.11667, ""rigol.1.frequency"": 15503030.303, ""rigol.1.high_level"": 0.001, ""rigol.1.low_level"": -0.001}",{},TRAC1,10001,-42.985531
752,2026-09-03T08:00:35.283063+00:00,ok,"{""keithley.B.current"": 0.11667, ""rigol.1.frequency"": 15805050.5051, ""rigol.1.high_level"": 0.001, ""rigol.1.low_level"": -0.001}",{},TRAC1,10001,-42.94212
753,2026-09-03T08:00:35.403704+00:00,ok,"{""keithley.B.current"": 0.11667, ""rigol.1.frequency"": 16107070.7071, ""rigol.1.high_level"": 0.001, ""rigol.1.low_level"": -0.001}",{},TRAC1,10001,-42.939458
754,2026-09-03T08:00:35.499962+00:00,ok,"{""keithley.B.current"": 0.11667, ""rigol.1.frequency"": 16409090.9091, ""rigol.1.high_level"": 0.001, ""rigol.1.low_level"": -0.001}",{},TRAC1,10001,-42.980000000000004
755,2026-09-03T08:00:35.622929+00:00,ok,"{""keithley.B.current"": 0.11667, ""rigol.1.frequency"": 16711111.1111, ""rigol.1.high_level"": 0.001, ""rigol.1.low_level"": -0.001}",{},TRAC1,10001,-42.947517
756,2026-09-03T08:00:35.735627+00:00,ok,"{""keithley.B.current"": 0.11667, ""rigol.1.frequency"": 17013131.3131, ""rigol.1.high_level"": 0.001, ""rigol.1.low_level"": -0.001}",{},TRAC1,10001,-42.882429
757,2026-09-03T08:00:35.823583+00:00,ok,"{""keithley.B.current"": 0.11667, ""rigol.1.frequency"": 17315151.5152, ""rigol.1.high_level"": 0.001, ""rigol.1.low_level"": -0.001}",{},TRAC1,10001,-42.908466000000004
758,2026-09-03T08:00:35.939641+00:00,ok,"{""keithley.B.current"": 0.11667, ""rigol.1.frequency"": 17617171.7172, ""rigol.1.high_level"": 0.001, ""rigol.1.low_level"": -0.001}",{},TRAC1,10001,-42.937704
759,2026-09-03T08:00:36.031547+00:00,ok,"{""keithley.B.current"": 0.11667, ""rigol.1.frequency"": 17919191.9192, ""rigol.1.high_level"": 0.001, ""rigol.1.low_level"": -0.001}",{},TRAC1,10001,-42.898911
760,2026-09-03T08:00:36.119289+00:00,ok,"{""keithley.B.current"": 0.11667, ""rigol.1.frequency"": 18221212.1212, ""rigol.1.high_level"": 0.001, ""rigol.1.low_level"": -0.001}",{},TRAC1,10001,-42.916664999999995
761,2026-09-03T08:00:36.258602+00:00,ok,"{""keithley.B.current"": 0.11667, ""rigol.1.frequency"": 18523232.3232, ""rigol.1.high_level"": 0.001, ""rigol.1.low_level"": -0.001}",{},TRAC1,10001,-42.879062000000005
762,2026-09-03T08:00:36.340221+00:00,ok,"{""keithley.B.current"": 0.11667, ""rigol.1.frequency"": 18825252.5253, ""rigol.1.high_level"": 0.001, ""rigol.1.low_level"": -0.001}",{},TRAC1,10001,-42.87772699999999
763,2026-09-03T08:00:36.459006+00:00,ok,"{""keithley.B.current"": 0.11667, ""rigol.1.frequency"": 19127272.7273, ""rigol.1.high_level"": 0.001, ""rigol.1.low_level"": -0.001}",{},TRAC1,10001,-42.914371
764,2026-09-03T08:00:36.560532+00:00,ok,"{""keithley.B.current"": 0.11667, ""rigol.1.frequency"": 19429292.9293, ""rigol.1.high_level"": 0.001, ""rigol.1.low_level"": -0.001}",{},TRAC1,10001,-42.89994
765,2026-09-03T08:00:36.677606+00:00,ok,"{""keithley.B.current"": 0.11667, ""rigol.1.frequency"": 19731313.1313, ""rigol.1.high_level"": 0.001, ""rigol.1.low_level"": -0.001}",{},TRAC1,10001,-42.86645
766,2026-09-03T08:00:36.772901+00:00,ok,"{""keithley.B.current"": 0.11667, ""rigol.1.frequency"": 20033333.3333, ""rigol.1.high_level"": 0.001, ""rigol.1.low_level"": -0.001}",{},TRAC1,10001,-42.876048999999995
767,2026-09-03T08:00:36.924253+00:00,ok,"{""keithley.B.current"": 0.11667, ""rigol.1.frequency"": 20335353.5354, ""rigol.1.high_level"": 0.001, ""rigol.1.low_level"": -0.001}",{},TRAC1,10001,-42.884235
768,2026-09-03T08:00:37.028415+00:00,ok,"{""keithley.B.current"": 0.11667, ""rigol.1.frequency"": 20637373.7374, ""rigol.1.high_level"": 0.001, ""rigol.1.low_level"": -0.001}",{},TRAC1,10001,-42.929058
769,2026-09-03T08:00:37.163084+00:00,ok,"{""keithley.B.current"": 0.11667, ""rigol.1.frequency"": 20939393.9394, ""rigol.1.high_level"": 0.001, ""rigol.1.low_level"": -0.001}",{},TRAC1,10001,-42.93427700000001
770,2026-09-03T08:00:37.260820+00:00,ok,"{""keithley.B.current"": 0.11667, ""rigol.1.frequency"": 21241414.1414, ""rigol.1.high_level"": 0.001, ""rigol.1.low_level"": -0.001}",{},TRAC1,10001,-42.89231
771,2026-09-03T08:00:37.379126+00:00,ok,"{""keithley.B.current"": 0.11667, ""rigol.1.frequency"": 21543434.3434, ""rigol.1.high_level"": 0.001, ""rigol.1.low_level"": -0.001}",{},TRAC1,10001,-42.928887
772,2026-09-03T08:00:37.461242+00:00,ok,"{""keithley.B.current"": 0.11667, ""rigol.1.frequency"": 21845454.5455, ""rigol.1.high_level"": 0.001, ""rigol.1.low_level"": -0.001}",{},TRAC1,10001,-42.944867
773,2026-09-03T08:00:37.596375+00:00,ok,"{""keithley.B.current"": 0.11667, ""rigol.1.frequency"": 22147474.7475, ""rigol.1.high_level"": 0.001, ""rigol.1.low_level"": -0.001}",{},TRAC1,10001,-42.94124500000001
774,2026-09-03T08:00:37.683062+00:00,ok,"{""keithley.B.current"": 0.11667, ""rigol.1.frequency"": 22449494.9495, ""rigol.1.high_level"": 0.001, ""rigol.1.low_level"": -0.001}",{},TRAC1,10001,-42.953631
775,2026-09-03T08:00:37.797998+00:00,ok,"{""keithley.B.current"": 0.11667, ""rigol.1.frequency"": 22751515.1515, ""rigol.1.high_level"": 0.001, ""rigol.1.low_level"": -0.001}",{},TRAC1,10001,-42.969714
776,2026-09-03T08:00:37.895216+00:00,ok,"{""keithley.B.current"": 0.11667, ""rigol.1.frequency"": 23053535.3535, ""rigol.1.high_level"": 0.001, ""rigol.1.low_level"": -0.001}",{},TRAC1,10001,-42.990995999999996
777,2026-09-03T08:00:37.982688+00:00,ok,"{""keithley.B.current"": 0.11667, ""rigol.1.frequency"": 23355555.5556, ""rigol.1.high_level"": 0.001, ""rigol.1.low_level"": -0.001}",{},TRAC1,10001,-42.988645
778,2026-09-03T08:00:38.100151+00:00,ok,"{""keithley.B.current"": 0.11667, ""rigol.1.frequency"": 23657575.7576, ""rigol.1.high_level"": 0.001, ""rigol.1.low_level"": -0.001}",{},TRAC1,10001,-43.045427
779,2026-09-03T08:00:38.212106+00:00,ok,"{""keithley.B.current"": 0.11667, ""rigol.1.frequency"": 23959595.9596, ""rigol.1.high_level"": 0.001, ""rigol.1.low_level"": -0.001}",{},TRAC1,10001,-43.02209400000001
780,2026-09-03T08:00:38.329539+00:00,ok,"{""keithley.B.current"": 0.11667, ""rigol.1.frequency"": 24261616.1616, ""rigol.1.high_level"": 0.001, ""rigol.1.low_level"": -0.001}",{},TRAC1,10001,-43.075773
781,2026-09-03T08:00:38.423611+00:00,ok,"{""keithley.B.current"": 0.11667, ""rigol.1.frequency"": 24563636.3636, ""rigol.1.high_level"": 0.001, ""rigol.1.low_level"": -0.001}",{},TRAC1,10001,-43.075506
782,2026-09-03T08:00:38.552727+00:00,ok,"{""keithley.B.current"": 0.11667, ""rigol.1.frequency"": 24865656.5657, ""rigol.1.high_level"": 0.001, ""rigol.1.low_level"": -0.001}",{},TRAC1,10001,-43.112257
783,2026-09-03T08:00:38.637804+00:00,ok,"{""keithley.B.current"": 0.11667, ""rigol.1.frequency"": 25167676.7677, ""rigol.1.high_level"": 0.001, ""rigol.1.low_level"": -0.001}",{},TRAC1,10001,-43.142515
784,2026-09-03T08:00:38.756927+00:00,ok,"{""keithley.B.current"": 0.11667, ""rigol.1.frequency"": 25469696.9697, ""rigol.1.high_level"": 0.001, ""rigol.1.low_level"": -0.001}",{},TRAC1,10001,-43.180448
785,2026-09-03T08:00:38.867119+00:00,ok,"{""keithley.B.current"": 0.11667, ""rigol.1.frequency"": 25771717.1717, ""rigol.1.high_level"": 0.001, ""rigol.1.low_level"": -0.001}",{},TRAC1,10001,-43.159778
786,2026-09-03T08:00:38.991086+00:00,ok,"{""keithley.B.current"": 0.11667, ""rigol.1.frequency"": 26073737.3737, ""rigol.1.high_level"": 0.001, ""rigol.1.low_level"": -0.001}",{},TRAC1,10001,-43.144944
787,2026-09-03T08:00:39.093470+00:00,ok,"{""keithley.B.current"": 0.11667, ""rigol.1.frequency"": 26375757.5758, ""rigol.1.high_level"": 0.001, ""rigol.1.low_level"": -0.001}",{},TRAC1,10001,-43.114916
788,2026-09-03T08:00:39.219693+00:00,ok,"{""keithley.B.current"": 0.11667, ""rigol.1.frequency"": 26677777.7778, ""rigol.1.high_level"": 0.001, ""rigol.1.low_level"": -0.001}",{},TRAC1,10001,-43.120276
789,2026-09-03T08:00:39.304084+00:00,ok,"{""keithley.B.current"": 0.11667, ""rigol.1.frequency"": 26979797.9798, ""rigol.1.high_level"": 0.001, ""rigol.1.low_level"": -0.001}",{},TRAC1,10001,-43.08097699999999
790,2026-09-03T08:00:39.518219+00:00,ok,"{""keithley.B.current"": 0.11667, ""rigol.1.frequency"": 27281818.1818, ""rigol.1.high_level"": 0.001, ""rigol.1.low_level"": -0.001}",{},TRAC1,10001,-43.095887
791,2026-09-03T08:00:39.610414+00:00,ok,"{""keithley.B.current"": 0.11667, ""rigol.1.frequency"": 27583838.3838, ""rigol.1.high_level"": 0.001, ""rigol.1.low_level"": -0.001}",{},TRAC1,10001,-43.044112
792,2026-09-03T08:00:39.693226+00:00,ok,"{""keithley.B.current"": 0.11667, ""rigol.1.frequency"": 27885858.5859, ""rigol.1.high_level"": 0.001, ""rigol.1.low_level"": -0.001}",{},TRAC1,10001,-43.036827
793,2026-09-03T08:00:39.812196+00:00,ok,"{""keithley.B.current"": 0.11667, ""rigol.1.frequency"": 28187878.7879, ""rigol.1.high_level"": 0.001, ""rigol.1.low_level"": -0.001}",{},TRAC1,10001,-42.98949
794,2026-09-03T08:00:39.936507+00:00,ok,"{""keithley.B.current"": 0.11667, ""rigol.1.frequency"": 28489898.9899, ""rigol.1.high_level"": 0.001, ""rigol.1.low_level"": -0.001}",{},TRAC1,10001,-43.019027
795,2026-09-03T08:00:40.033903+00:00,ok,"{""keithley.B.current"": 0.11667, ""rigol.1.frequency"": 28791919.1919, ""rigol.1.high_level"": 0.001, ""rigol.1.low_level"": -0.001}",{},TRAC1,10001,-43.015609
796,2026-09-03T08:00:40.128598+00:00,ok,"{""keithley.B.current"": 0.11667, ""rigol.1.frequency"": 29093939.3939, ""rigol.1.high_level"": 0.001, ""rigol.1.low_level"": -0.001}",{},TRAC1,10001,-42.98110100000001
797,2026-09-03T08:00:40.254951+00:00,ok,"{""keithley.B.current"": 0.11667, ""rigol.1.frequency"": 29395959.596, ""rigol.1.high_level"": 0.001, ""rigol.1.low_level"": -0.001}",{},TRAC1,10001,-42.96881
798,2026-09-03T08:00:40.351588+00:00,ok,"{""keithley.B.current"": 0.11667, ""rigol.1.frequency"": 29697979.798, ""rigol.1.high_level"": 0.001, ""rigol.1.low_level"": -0.001}",{},TRAC1,10001,-42.92229300000001
799,2026-09-03T08:00:40.474704+00:00,ok,"{""keithley.B.current"": 0.11667, ""rigol.1.frequency"": 30000000.0, ""rigol.1.high_level"": 0.001, ""rigol.1.low_level"": -0.001}",{},TRAC1,10001,-42.905789
800,2026-09-03T08:00:40.577697+00:00,ok,"{""keithley.B.current"": 0.13333, ""rigol.1.frequency"": 100000.0, ""rigol.1.high_level"": 0.001, ""rigol.1.low_level"": -0.001}",{},TRAC1,10001,-42.93794
801,2026-09-03T08:00:40.695032+00:00,ok,"{""keithley.B.current"": 0.13333, ""rigol.1.frequency"": 402020.20202, ""rigol.1.high_level"": 0.001, ""rigol.1.low_level"": -0.001}",{},TRAC1,10001,-42.875095
802,2026-09-03T08:00:40.783262+00:00,ok,"{""keithley.B.current"": 0.13333, ""rigol.1.frequency"": 704040.40404, ""rigol.1.high_level"": 0.001, ""rigol.1.low_level"": -0.001}",{},TRAC1,10001,-42.907629
803,2026-09-03T08:00:40.939295+00:00,ok,"{""keithley.B.current"": 0.13333, ""rigol.1.frequency"": 1006060.60606, ""rigol.1.high_level"": 0.001, ""rigol.1.low_level"": -0.001}",{},TRAC1,10001,-42.907945999999995
804,2026-09-03T08:00:41.083767+00:00,ok,"{""keithley.B.current"": 0.13333, ""rigol.1.frequency"": 1308080.80808, ""rigol.1.high_level"": 0.001, ""rigol.1.low_level"": -0.001}",{},TRAC1,10001,-42.88905
805,2026-09-03T08:00:41.216131+00:00,ok,"{""keithley.B.current"": 0.13333, ""rigol.1.frequency"": 1610101.0101, ""rigol.1.high_level"": 0.001, ""rigol.1.low_level"": -0.001}",{},TRAC1,10001,-42.892016
806,2026-09-03T08:00:41.314415+00:00,ok,"{""keithley.B.current"": 0.13333, ""rigol.1.frequency"": 1912121.21212, ""rigol.1.high_level"": 0.001, ""rigol.1.low_level"": -0.001}",{},TRAC1,10001,-42.894228999999996
807,2026-09-03T08:00:41.431585+00:00,ok,"{""keithley.B.current"": 0.13333, ""rigol.1.frequency"": 2214141.41414, ""rigol.1.high_level"": 0.001, ""rigol.1.low_level"": -0.001}",{},TRAC1,10001,-42.858733
808,2026-09-03T08:00:41.515938+00:00,ok,"{""keithley.B.current"": 0.13333, ""rigol.1.frequency"": 2516161.61616, ""rigol.1.high_level"": 0.001, ""rigol.1.low_level"": -0.001}",{},TRAC1,10001,-42.910307
809,2026-09-03T08:00:41.644157+00:00,ok,"{""keithley.B.current"": 0.13333, ""rigol.1.frequency"": 2818181.81818, ""rigol.1.high_level"": 0.001, ""rigol.1.low_level"": -0.001}",{},TRAC1,10001,-42.872489
810,2026-09-03T08:00:41.727163+00:00,ok,"{""keithley.B.current"": 0.13333, ""rigol.1.frequency"": 3120202.0202, ""rigol.1.high_level"": 0.001, ""rigol.1.low_level"": -0.001}",{},TRAC1,10001,-42.878866
811,2026-09-03T08:00:41.812893+00:00,ok,"{""keithley.B.current"": 0.13333, ""rigol.1.frequency"": 3422222.22222, ""rigol.1.high_level"": 0.001, ""rigol.1.low_level"": -0.001}",{},TRAC1,10001,-42.863924
812,2026-09-03T08:00:41.936789+00:00,ok,"{""keithley.B.current"": 0.13333, ""rigol.1.frequency"": 3724242.42424, ""rigol.1.high_level"": 0.001, ""rigol.1.low_level"": -0.001}",{},TRAC1,10001,-42.9062
813,2026-09-03T08:00:42.055972+00:00,ok,"{""keithley.B.current"": 0.13333, ""rigol.1.frequency"": 4026262.62626, ""rigol.1.high_level"": 0.001, ""rigol.1.low_level"": -0.001}",{},TRAC1,10001,-42.905242
814,2026-09-03T08:00:42.140731+00:00,ok,"{""keithley.B.current"": 0.13333, ""rigol.1.frequency"": 4328282.82828, ""rigol.1.high_level"": 0.001, ""rigol.1.low_level"": -0.001}",{},TRAC1,10001,-42.91449800000001
815,2026-09-03T08:00:42.275827+00:00,ok,"{""keithley.B.current"": 0.13333, ""rigol.1.frequency"": 4630303.0303, ""rigol.1.high_level"": 0.001, ""rigol.1.low_level"": -0.001}",{},TRAC1,10001,-42.94745
816,2026-09-03T08:00:42.368379+00:00,ok,"{""keithley.B.current"": 0.13333, ""rigol.1.frequency"": 4932323.23232, ""rigol.1.high_level"": 0.001, ""rigol.1.low_level"": -0.001}",{},TRAC1,10001,-42.936135
817,2026-09-03T08:00:42.453883+00:00,ok,"{""keithley.B.current"": 0.13333, ""rigol.1.frequency"": 5234343.43434, ""rigol.1.high_level"": 0.001, ""rigol.1.low_level"": -0.001}",{},TRAC1,10001,-42.914015
818,2026-09-03T08:00:42.586537+00:00,ok,"{""keithley.B.current"": 0.13333, ""rigol.1.frequency"": 5536363.63636, ""rigol.1.high_level"": 0.001, ""rigol.1.low_level"": -0.001}",{},TRAC1,10001,-42.972862000000006
819,2026-09-03T08:00:42.676757+00:00,ok,"{""keithley.B.current"": 0.13333, ""rigol.1.frequency"": 5838383.83838, ""rigol.1.high_level"": 0.001, ""rigol.1.low_level"": -0.001}",{},TRAC1,10001,-42.968877
820,2026-09-03T08:00:42.799270+00:00,ok,"{""keithley.B.current"": 0.13333, ""rigol.1.frequency"": 6140404.0404, ""rigol.1.high_level"": 0.001, ""rigol.1.low_level"": -0.001}",{},TRAC1,10001,-42.968534
821,2026-09-03T08:00:42.912580+00:00,ok,"{""keithley.B.current"": 0.13333, ""rigol.1.frequency"": 6442424.24242, ""rigol.1.high_level"": 0.001, ""rigol.1.low_level"": -0.001}",{},TRAC1,10001,-43.00006
822,2026-09-03T08:00:43.045470+00:00,ok,"{""keithley.B.current"": 0.13333, ""rigol.1.frequency"": 6744444.44444, ""rigol.1.high_level"": 0.001, ""rigol.1.low_level"": -0.001}",{},TRAC1,10001,-43.00277899999999
823,2026-09-03T08:00:43.144953+00:00,ok,"{""keithley.B.current"": 0.13333, ""rigol.1.frequency"": 7046464.64646, ""rigol.1.high_level"": 0.001, ""rigol.1.low_level"": -0.001}",{},TRAC1,10001,-43.041504
824,2026-09-03T08:00:43.265115+00:00,ok,"{""keithley.B.current"": 0.13333, ""rigol.1.frequency"": 7348484.84849, ""rigol.1.high_level"": 0.001, ""rigol.1.low_level"": -0.001}",{},TRAC1,10001,-43.072644
825,2026-09-03T08:00:43.365521+00:00,ok,"{""keithley.B.current"": 0.13333, ""rigol.1.frequency"": 7650505.05051, ""rigol.1.high_level"": 0.001, ""rigol.1.low_level"": -0.001}",{},TRAC1,10001,-43.071529
826,2026-09-03T08:00:43.487174+00:00,ok,"{""keithley.B.current"": 0.13333, ""rigol.1.frequency"": 7952525.25252, ""rigol.1.high_level"": 0.001, ""rigol.1.low_level"": -0.001}",{},TRAC1,10001,-43.162034
827,2026-09-03T08:00:43.642841+00:00,ok,"{""keithley.B.current"": 0.13333, ""rigol.1.frequency"": 8254545.45454, ""rigol.1.high_level"": 0.001, ""rigol.1.low_level"": -0.001}",{},TRAC1,10001,-43.112784
828,2026-09-03T08:00:43.757994+00:00,ok,"{""keithley.B.current"": 0.13333, ""rigol.1.frequency"": 8556565.65657, ""rigol.1.high_level"": 0.001, ""rigol.1.low_level"": -0.001}",{},TRAC1,10001,-43.133465
829,2026-09-03T08:00:43.841977+00:00,ok,"{""keithley.B.current"": 0.13333, ""rigol.1.frequency"": 8858585.85859, ""rigol.1.high_level"": 0.001, ""rigol.1.low_level"": -0.001}",{},TRAC1,10001,-43.184768
830,2026-09-03T08:00:43.945282+00:00,ok,"{""keithley.B.current"": 0.13333, ""rigol.1.frequency"": 9160606.06061, ""rigol.1.high_level"": 0.001, ""rigol.1.low_level"": -0.001}",{},TRAC1,10001,-43.198346
831,2026-09-03T08:00:44.057362+00:00,ok,"{""keithley.B.current"": 0.13333, ""rigol.1.frequency"": 9462626.26263, ""rigol.1.high_level"": 0.001, ""rigol.1.low_level"": -0.001}",{},TRAC1,10001,-43.150711
832,2026-09-03T08:00:44.149343+00:00,ok,"{""keithley.B.current"": 0.13333, ""rigol.1.frequency"": 9764646.46465, ""rigol.1.high_level"": 0.001, ""rigol.1.low_level"": -0.001}",{},TRAC1,10001,-43.092194
833,2026-09-03T08:00:44.276311+00:00,ok,"{""keithley.B.current"": 0.13333, ""rigol.1.frequency"": 10066666.6667, ""rigol.1.high_level"": 0.001, ""rigol.1.low_level"": -0.001}",{},TRAC1,10001,-43.06921799999999
834,2026-09-03T08:00:44.372907+00:00,ok,"{""keithley.B.current"": 0.13333, ""rigol.1.frequency"": 10368686.8687, ""rigol.1.high_level"": 0.001, ""rigol.1.low_level"": -0.001}",{},TRAC1,10001,-43.070419
835,2026-09-03T08:00:44.493442+00:00,ok,"{""keithley.B.current"": 0.13333, ""rigol.1.frequency"": 10670707.0707, ""rigol.1.high_level"": 0.001, ""rigol.1.low_level"": -0.001}",{},TRAC1,10001,-43.038056
836,2026-09-03T08:00:44.607751+00:00,ok,"{""keithley.B.current"": 0.13333, ""rigol.1.frequency"": 10972727.2727, ""rigol.1.high_level"": 0.001, ""rigol.1.low_level"": -0.001}",{},TRAC1,10001,-43.023879
837,2026-09-03T08:00:44.704762+00:00,ok,"{""keithley.B.current"": 0.13333, ""rigol.1.frequency"": 11274747.4747, ""rigol.1.high_level"": 0.001, ""rigol.1.low_level"": -0.001}",{},TRAC1,10001,-43.027187
838,2026-09-03T08:00:44.835309+00:00,ok,"{""keithley.B.current"": 0.13333, ""rigol.1.frequency"": 11576767.6768, ""rigol.1.high_level"": 0.001, ""rigol.1.low_level"": -0.001}",{},TRAC1,10001,-43.007824
839,2026-09-03T08:00:44.933097+00:00,ok,"{""keithley.B.current"": 0.13333, ""rigol.1.frequency"": 11878787.8788, ""rigol.1.high_level"": 0.001, ""rigol.1.low_level"": -0.001}",{},TRAC1,10001,-43.000547999999995
840,2026-09-03T08:00:45.074770+00:00,ok,"{""keithley.B.current"": 0.13333, ""rigol.1.frequency"": 12180808.0808, ""rigol.1.high_level"": 0.001, ""rigol.1.low_level"": -0.001}",{},TRAC1,10001,-42.97457899999999
841,2026-09-03T08:00:45.192037+00:00,ok,"{""keithley.B.current"": 0.13333, ""rigol.1.frequency"": 12482828.2828, ""rigol.1.high_level"": 0.001, ""rigol.1.low_level"": -0.001}",{},TRAC1,10001,-42.929118
842,2026-09-03T08:00:45.316168+00:00,ok,"{""keithley.B.current"": 0.13333, ""rigol.1.frequency"": 12784848.4848, ""rigol.1.high_level"": 0.001, ""rigol.1.low_level"": -0.001}",{},TRAC1,10001,-42.919706
843,2026-09-03T08:00:45.449020+00:00,ok,"{""keithley.B.current"": 0.13333, ""rigol.1.frequency"": 13086868.6869, ""rigol.1.high_level"": 0.001, ""rigol.1.low_level"": -0.001}",{},TRAC1,10001,-42.932635000000005
844,2026-09-03T08:00:45.560712+00:00,ok,"{""keithley.B.current"": 0.13333, ""rigol.1.frequency"": 13388888.8889, ""rigol.1.high_level"": 0.001, ""rigol.1.low_level"": -0.001}",{},TRAC1,10001,-42.919473999999994
845,2026-09-03T08:00:45.642825+00:00,ok,"{""keithley.B.current"": 0.13333, ""rigol.1.frequency"": 13690909.0909, ""rigol.1.high_level"": 0.001, ""rigol.1.low_level"": -0.001}",{},TRAC1,10001,-42.933408
846,2026-09-03T08:00:45.759161+00:00,ok,"{""keithley.B.current"": 0.13333, ""rigol.1.frequency"": 13992929.2929, ""rigol.1.high_level"": 0.001, ""rigol.1.low_level"": -0.001}",{},TRAC1,10001,-42.955219
847,2026-09-03T08:00:45.871048+00:00,ok,"{""keithley.B.current"": 0.13333, ""rigol.1.frequency"": 14294949.4949, ""rigol.1.high_level"": 0.001, ""rigol.1.low_level"": -0.001}",{},TRAC1,10001,-42.93807
848,2026-09-03T08:00:45.976561+00:00,ok,"{""keithley.B.current"": 0.13333, ""rigol.1.frequency"": 14596969.697, ""rigol.1.high_level"": 0.001, ""rigol.1.low_level"": -0.001}",{},TRAC1,10001,-42.866691
849,2026-09-03T08:00:46.068481+00:00,ok,"{""keithley.B.current"": 0.13333, ""rigol.1.frequency"": 14898989.899, ""rigol.1.high_level"": 0.001, ""rigol.1.low_level"": -0.001}",{},TRAC1,10001,-42.886753
850,2026-09-03T08:00:46.192253+00:00,ok,"{""keithley.B.current"": 0.13333, ""rigol.1.frequency"": 15201010.101, ""rigol.1.high_level"": 0.001, ""rigol.1.low_level"": -0.001}",{},TRAC1,10001,-42.88136299999999
851,2026-09-03T08:00:46.281632+00:00,ok,"{""keithley.B.current"": 0.13333, ""rigol.1.frequency"": 15503030.303, ""rigol.1.high_level"": 0.001, ""rigol.1.low_level"": -0.001}",{},TRAC1,10001,-42.910161
852,2026-09-03T08:00:46.400771+00:00,ok,"{""keithley.B.current"": 0.13333, ""rigol.1.frequency"": 15805050.5051, ""rigol.1.high_level"": 0.001, ""rigol.1.low_level"": -0.001}",{},TRAC1,10001,-42.90468
853,2026-09-03T08:00:46.497952+00:00,ok,"{""keithley.B.current"": 0.13333, ""rigol.1.frequency"": 16107070.7071, ""rigol.1.high_level"": 0.001, ""rigol.1.low_level"": -0.001}",{},TRAC1,10001,-42.904902
854,2026-09-03T08:00:46.582225+00:00,ok,"{""keithley.B.current"": 0.13333, ""rigol.1.frequency"": 16409090.9091, ""rigol.1.high_level"": 0.001, ""rigol.1.low_level"": -0.001}",{},TRAC1,10001,-42.88501500000001
855,2026-09-03T08:00:46.706482+00:00,ok,"{""keithley.B.current"": 0.13333, ""rigol.1.frequency"": 16711111.1111, ""rigol.1.high_level"": 0.001, ""rigol.1.low_level"": -0.001}",{},TRAC1,10001,-42.874244
856,2026-09-03T08:00:46.806614+00:00,ok,"{""keithley.B.current"": 0.13333, ""rigol.1.frequency"": 17013131.3131, ""rigol.1.high_level"": 0.001, ""rigol.1.low_level"": -0.001}",{},TRAC1,10001,-42.92472699999999
857,2026-09-03T08:00:46.946982+00:00,ok,"{""keithley.B.current"": 0.13333, ""rigol.1.frequency"": 17315151.5152, ""rigol.1.high_level"": 0.001, ""rigol.1.low_level"": -0.001}",{},TRAC1,10001,-42.945869
858,2026-09-03T08:00:47.042447+00:00,ok,"{""keithley.B.current"": 0.13333, ""rigol.1.frequency"": 17617171.7172, ""rigol.1.high_level"": 0.001, ""rigol.1.low_level"": -0.001}",{},TRAC1,10001,-42.882643
859,2026-09-03T08:00:47.191406+00:00,ok,"{""keithley.B.current"": 0.13333, ""rigol.1.frequency"": 17919191.9192, ""rigol.1.high_level"": 0.001, ""rigol.1.low_level"": -0.001}",{},TRAC1,10001,-42.93074
860,2026-09-03T08:00:47.276090+00:00,ok,"{""keithley.B.current"": 0.13333, ""rigol.1.frequency"": 18221212.1212, ""rigol.1.high_level"": 0.001, ""rigol.1.low_level"": -0.001}",{},TRAC1,10001,-42.93032500000001
861,2026-09-03T08:00:47.399013+00:00,ok,"{""keithley.B.current"": 0.13333, ""rigol.1.frequency"": 18523232.3232, ""rigol.1.high_level"": 0.001, ""rigol.1.low_level"": -0.001}",{},TRAC1,10001,-42.935092
862,2026-09-03T08:00:47.502174+00:00,ok,"{""keithley.B.current"": 0.13333, ""rigol.1.frequency"": 18825252.5253, ""rigol.1.high_level"": 0.001, ""rigol.1.low_level"": -0.001}",{},TRAC1,10001,-42.959235
863,2026-09-03T08:00:47.617456+00:00,ok,"{""keithley.B.current"": 0.13333, ""rigol.1.frequency"": 19127272.7273, ""rigol.1.high_level"": 0.001, ""rigol.1.low_level"": -0.001}",{},TRAC1,10001,-43.010327
864,2026-09-03T08:00:47.701646+00:00,ok,"{""keithley.B.current"": 0.13333, ""rigol.1.frequency"": 19429292.9293, ""rigol.1.high_level"": 0.001, ""rigol.1.low_level"": -0.001}",{},TRAC1,10001,-42.98951600000001
865,2026-09-03T08:00:47.835184+00:00,ok,"{""keithley.B.current"": 0.13333, ""rigol.1.frequency"": 19731313.1313, ""rigol.1.high_level"": 0.001, ""rigol.1.low_level"": -0.001}",{},TRAC1,10001,-43.010585
866,2026-09-03T08:00:48.008075+00:00,ok,"{""keithley.B.current"": 0.13333, ""rigol.1.frequency"": 20033333.3333, ""rigol.1.high_level"": 0.001, ""rigol.1.low_level"": -0.001}",{},TRAC1,10001,-43.06367
867,2026-09-03T08:00:48.101862+00:00,ok,"{""keithley.B.current"": 0.13333, ""rigol.1.frequency"": 20335353.5354, ""rigol.1.high_level"": 0.001, ""rigol.1.low_level"": -0.001}",{},TRAC1,10001,-43.064043
868,2026-09-03T08:00:48.249461+00:00,ok,"{""keithley.B.current"": 0.13333, ""rigol.1.frequency"": 20637373.7374, ""rigol.1.high_level"": 0.001, ""rigol.1.low_level"": -0.001}",{},TRAC1,10001,-43.068605
869,2026-09-03T08:00:48.335877+00:00,ok,"{""keithley.B.current"": 0.13333, ""rigol.1.frequency"": 20939393.9394, ""rigol.1.high_level"": 0.001, ""rigol.1.low_level"": -0.001}",{},TRAC1,10001,-43.102889
870,2026-09-03T08:00:48.455160+00:00,ok,"{""keithley.B.current"": 0.13333, ""rigol.1.frequency"": 21241414.1414, ""rigol.1.high_level"": 0.001, ""rigol.1.low_level"": -0.001}",{},TRAC1,10001,-43.102215
871,2026-09-03T08:00:48.554398+00:00,ok,"{""keithley.B.current"": 0.13333, ""rigol.1.frequency"": 21543434.3434, ""rigol.1.high_level"": 0.001, ""rigol.1.low_level"": -0.001}",{},TRAC1,10001,-43.117632
872,2026-09-03T08:00:48.675844+00:00,ok,"{""keithley.B.current"": 0.13333, ""rigol.1.frequency"": 21845454.5455, ""rigol.1.high_level"": 0.001, ""rigol.1.low_level"": -0.001}",{},TRAC1,10001,-43.187001
873,2026-09-03T08:00:48.774195+00:00,ok,"{""keithley.B.current"": 0.13333, ""rigol.1.frequency"": 22147474.7475, ""rigol.1.high_level"": 0.001, ""rigol.1.low_level"": -0.001}",{},TRAC1,10001,-43.155469
874,2026-09-03T08:00:48.921347+00:00,ok,"{""keithley.B.current"": 0.13333, ""rigol.1.frequency"": 22449494.9495, ""rigol.1.high_level"": 0.001, ""rigol.1.low_level"": -0.001}",{},TRAC1,10001,-43.172235
875,2026-09-03T08:00:49.034959+00:00,ok,"{""keithley.B.current"": 0.13333, ""rigol.1.frequency"": 22751515.1515, ""rigol.1.high_level"": 0.001, ""rigol.1.low_level"": -0.001}",{},TRAC1,10001,-43.202668
876,2026-09-03T08:00:49.166167+00:00,ok,"{""keithley.B.current"": 0.13333, ""rigol.1.frequency"": 23053535.3535, ""rigol.1.high_level"": 0.001, ""rigol.1.low_level"": -0.001}",{},TRAC1,10001,-43.125929
877,2026-09-03T08:00:49.255429+00:00,ok,"{""keithley.B.current"": 0.13333, ""rigol.1.frequency"": 23355555.5556, ""rigol.1.high_level"": 0.001, ""rigol.1.low_level"": -0.001}",{},TRAC1,10001,-43.087689999999995
878,2026-09-03T08:00:49.376112+00:00,ok,"{""keithley.B.current"": 0.13333, ""rigol.1.frequency"": 23657575.7576, ""rigol.1.high_level"": 0.001, ""rigol.1.low_level"": -0.001}",{},TRAC1,10001,-43.036481
879,2026-09-03T08:00:49.458558+00:00,ok,"{""keithley.B.current"": 0.13333, ""rigol.1.frequency"": 23959595.9596, ""rigol.1.high_level"": 0.001, ""rigol.1.low_level"": -0.001}",{},TRAC1,10001,-43.052285
880,2026-09-03T08:00:49.570884+00:00,ok,"{""keithley.B.current"": 0.13333, ""rigol.1.frequency"": 24261616.1616, ""rigol.1.high_level"": 0.001, ""rigol.1.low_level"": -0.001}",{},TRAC1,10001,-43.058651
881,2026-09-03T08:00:49.703364+00:00,ok,"{""keithley.B.current"": 0.13333, ""rigol.1.frequency"": 24563636.3636, ""rigol.1.high_level"": 0.001, ""rigol.1.low_level"": -0.001}",{},TRAC1,10001,-43.022462
882,2026-09-03T08:00:49.791427+00:00,ok,"{""keithley.B.current"": 0.13333, ""rigol.1.frequency"": 24865656.5657, ""rigol.1.high_level"": 0.001, ""rigol.1.low_level"": -0.001}",{},TRAC1,10001,-42.971226
883,2026-09-03T08:00:49.894015+00:00,ok,"{""keithley.B.current"": 0.13333, ""rigol.1.frequency"": 25167676.7677, ""rigol.1.high_level"": 0.001, ""rigol.1.low_level"": -0.001}",{},TRAC1,10001,-42.974021
884,2026-09-03T08:00:50.009637+00:00,ok,"{""keithley.B.current"": 0.13333, ""rigol.1.frequency"": 25469696.9697, ""rigol.1.high_level"": 0.001, ""rigol.1.low_level"": -0.001}",{},TRAC1,10001,-42.95569
885,2026-09-03T08:00:50.093007+00:00,ok,"{""keithley.B.current"": 0.13333, ""rigol.1.frequency"": 25771717.1717, ""rigol.1.high_level"": 0.001, ""rigol.1.low_level"": -0.001}",{},TRAC1,10001,-42.937157
886,2026-09-03T08:00:50.220885+00:00,ok,"{""keithley.B.current"": 0.13333, ""rigol.1.frequency"": 26073737.3737, ""rigol.1.high_level"": 0.001, ""rigol.1.low_level"": -0.001}",{},TRAC1,10001,-42.98353300000001
887,2026-09-03T08:00:50.321966+00:00,ok,"{""keithley.B.current"": 0.13333, ""rigol.1.frequency"": 26375757.5758, ""rigol.1.high_level"": 0.001, ""rigol.1.low_level"": -0.001}",{},TRAC1,10001,-42.90540200000001
888,2026-09-03T08:00:50.439045+00:00,ok,"{""keithley.B.current"": 0.13333, ""rigol.1.frequency"": 26677777.7778, ""rigol.1.high_level"": 0.001, ""rigol.1.low_level"": -0.001}",{},TRAC1,10001,-42.898457
889,2026-09-03T08:00:50.523533+00:00,ok,"{""keithley.B.current"": 0.13333, ""rigol.1.frequency"": 26979797.9798, ""rigol.1.high_level"": 0.001, ""rigol.1.low_level"": -0.001}",{},TRAC1,10001,-42.900767
890,2026-09-03T08:00:50.656768+00:00,ok,"{""keithley.B.current"": 0.13333, ""rigol.1.frequency"": 27281818.1818, ""rigol.1.high_level"": 0.001, ""rigol.1.low_level"": -0.001}",{},TRAC1,10001,-42.899365
891,2026-09-03T08:00:50.740450+00:00,ok,"{""keithley.B.current"": 0.13333, ""rigol.1.frequency"": 27583838.3838, ""rigol.1.high_level"": 0.001, ""rigol.1.low_level"": -0.001}",{},TRAC1,10001,-42.888756
892,2026-09-03T08:00:50.859801+00:00,ok,"{""keithley.B.current"": 0.13333, ""rigol.1.frequency"": 27885858.5859, ""rigol.1.high_level"": 0.001, ""rigol.1.low_level"": -0.001}",{},TRAC1,10001,-42.858622999999994
893,2026-09-03T08:00:50.969136+00:00,ok,"{""keithley.B.current"": 0.13333, ""rigol.1.frequency"": 28187878.7879, ""rigol.1.high_level"": 0.001, ""rigol.1.low_level"": -0.001}",{},TRAC1,10001,-42.892947
894,2026-09-03T08:00:51.079346+00:00,ok,"{""keithley.B.current"": 0.13333, ""rigol.1.frequency"": 28489898.9899, ""rigol.1.high_level"": 0.001, ""rigol.1.low_level"": -0.001}",{},TRAC1,10001,-42.858682
895,2026-09-03T08:00:51.212556+00:00,ok,"{""keithley.B.current"": 0.13333, ""rigol.1.frequency"": 28791919.1919, ""rigol.1.high_level"": 0.001, ""rigol.1.low_level"": -0.001}",{},TRAC1,10001,-42.926705
896,2026-09-03T08:00:51.341577+00:00,ok,"{""keithley.B.current"": 0.13333, ""rigol.1.frequency"": 29093939.3939, ""rigol.1.high_level"": 0.001, ""rigol.1.low_level"": -0.001}",{},TRAC1,10001,-42.86358800000001
897,2026-09-03T08:00:51.440406+00:00,ok,"{""keithley.B.current"": 0.13333, ""rigol.1.frequency"": 29395959.596, ""rigol.1.high_level"": 0.001, ""rigol.1.low_level"": -0.001}",{},TRAC1,10001,-42.91699700000001
898,2026-09-03T08:00:51.560315+00:00,ok,"{""keithley.B.current"": 0.13333, ""rigol.1.frequency"": 29697979.798, ""rigol.1.high_level"": 0.001, ""rigol.1.low_level"": -0.001}",{},TRAC1,10001,-42.902518
899,2026-09-03T08:00:51.643894+00:00,ok,"{""keithley.B.current"": 0.13333, ""rigol.1.frequency"": 30000000.0, ""rigol.1.high_level"": 0.001, ""rigol.1.low_level"": -0.001}",{},TRAC1,10001,-42.873716
900,2026-09-03T08:00:51.750331+00:00,ok,"{""keithley.B.current"": 0.15, ""rigol.1.frequency"": 100000.0, ""rigol.1.high_level"": 0.001, ""rigol.1.low_level"": -0.001}",{},TRAC1,10001,-42.89074
901,2026-09-03T08:00:51.869599+00:00,ok,"{""keithley.B.current"": 0.15, ""rigol.1.frequency"": 402020.20202, ""rigol.1.high_level"": 0.001, ""rigol.1.low_level"": -0.001}",{},TRAC1,10001,-42.909072
902,2026-09-03T08:00:51.952676+00:00,ok,"{""keithley.B.current"": 0.15, ""rigol.1.frequency"": 704040.40404, ""rigol.1.high_level"": 0.001, ""rigol.1.low_level"": -0.001}",{},TRAC1,10001,-42.887837
903,2026-09-03T08:00:52.071298+00:00,ok,"{""keithley.B.current"": 0.15, ""rigol.1.frequency"": 1006060.60606, ""rigol.1.high_level"": 0.001, ""rigol.1.low_level"": -0.001}",{},TRAC1,10001,-42.952113
904,2026-09-03T08:00:52.257195+00:00,ok,"{""keithley.B.current"": 0.15, ""rigol.1.frequency"": 1308080.80808, ""rigol.1.high_level"": 0.001, ""rigol.1.low_level"": -0.001}",{},TRAC1,10001,-42.901354
905,2026-09-03T08:00:52.371969+00:00,ok,"{""keithley.B.current"": 0.15, ""rigol.1.frequency"": 1610101.0101, ""rigol.1.high_level"": 0.001, ""rigol.1.low_level"": -0.001}",{},TRAC1,10001,-42.956414
906,2026-09-03T08:00:52.490310+00:00,ok,"{""keithley.B.current"": 0.15, ""rigol.1.frequency"": 1912121.21212, ""rigol.1.high_level"": 0.001, ""rigol.1.low_level"": -0.001}",{},TRAC1,10001,-42.98403999999999
907,2026-09-03T08:00:52.608029+00:00,ok,"{""keithley.B.current"": 0.15, ""rigol.1.frequency"": 2214141.41414, ""rigol.1.high_level"": 0.001, ""rigol.1.low_level"": -0.001}",{},TRAC1,10001,-42.971248
908,2026-09-03T08:00:52.741616+00:00,ok,"{""keithley.B.current"": 0.15, ""rigol.1.frequency"": 2516161.61616, ""rigol.1.high_level"": 0.001, ""rigol.1.low_level"": -0.001}",{},TRAC1,10001,-42.979744
909,2026-09-03T08:00:52.833382+00:00,ok,"{""keithley.B.current"": 0.15, ""rigol.1.frequency"": 2818181.81818, ""rigol.1.high_level"": 0.001, ""rigol.1.low_level"": -0.001}",{},TRAC1,10001,-42.992294
910,2026-09-03T08:00:52.964876+00:00,ok,"{""keithley.B.current"": 0.15, ""rigol.1.frequency"": 3120202.0202, ""rigol.1.high_level"": 0.001, ""rigol.1.low_level"": -0.001}",{},TRAC1,10001,-43.032629
911,2026-09-03T08:00:53.059443+00:00,ok,"{""keithley.B.current"": 0.15, ""rigol.1.frequency"": 3422222.22222, ""rigol.1.high_level"": 0.001, ""rigol.1.low_level"": -0.001}",{},TRAC1,10001,-43.037582
912,2026-09-03T08:00:53.197729+00:00,ok,"{""keithley.B.current"": 0.15, ""rigol.1.frequency"": 3724242.42424, ""rigol.1.high_level"": 0.001, ""rigol.1.low_level"": -0.001}",{},TRAC1,10001,-43.065705
913,2026-09-03T08:00:53.305167+00:00,ok,"{""keithley.B.current"": 0.15, ""rigol.1.frequency"": 4026262.62626, ""rigol.1.high_level"": 0.001, ""rigol.1.low_level"": -0.001}",{},TRAC1,10001,-43.101409
914,2026-09-03T08:00:53.423995+00:00,ok,"{""keithley.B.current"": 0.15, ""rigol.1.frequency"": 4328282.82828, ""rigol.1.high_level"": 0.001, ""rigol.1.low_level"": -0.001}",{},TRAC1,10001,-43.128991
915,2026-09-03T08:00:53.518353+00:00,ok,"{""keithley.B.current"": 0.15, ""rigol.1.frequency"": 4630303.0303, ""rigol.1.high_level"": 0.001, ""rigol.1.low_level"": -0.001}",{},TRAC1,10001,-43.13499
916,2026-09-03T08:00:53.632452+00:00,ok,"{""keithley.B.current"": 0.15, ""rigol.1.frequency"": 4932323.23232, ""rigol.1.high_level"": 0.001, ""rigol.1.low_level"": -0.001}",{},TRAC1,10001,-43.182276
917,2026-09-03T08:00:53.750713+00:00,ok,"{""keithley.B.current"": 0.15, ""rigol.1.frequency"": 5234343.43434, ""rigol.1.high_level"": 0.001, ""rigol.1.low_level"": -0.001}",{},TRAC1,10001,-43.158908
918,2026-09-03T08:00:53.837514+00:00,ok,"{""keithley.B.current"": 0.15, ""rigol.1.frequency"": 5536363.63636, ""rigol.1.high_level"": 0.001, ""rigol.1.low_level"": -0.001}",{},TRAC1,10001,-43.167264
919,2026-09-03T08:00:53.956878+00:00,ok,"{""keithley.B.current"": 0.15, ""rigol.1.frequency"": 5838383.83838, ""rigol.1.high_level"": 0.001, ""rigol.1.low_level"": -0.001}",{},TRAC1,10001,-43.140041
920,2026-09-03T08:00:54.054517+00:00,ok,"{""keithley.B.current"": 0.15, ""rigol.1.frequency"": 6140404.0404, ""rigol.1.high_level"": 0.001, ""rigol.1.low_level"": -0.001}",{},TRAC1,10001,-43.164364
921,2026-09-03T08:00:54.140146+00:00,ok,"{""keithley.B.current"": 0.15, ""rigol.1.frequency"": 6442424.24242, ""rigol.1.high_level"": 0.001, ""rigol.1.low_level"": -0.001}",{},TRAC1,10001,-43.130258
922,2026-09-03T08:00:54.257927+00:00,ok,"{""keithley.B.current"": 0.15, ""rigol.1.frequency"": 6744444.44444, ""rigol.1.high_level"": 0.001, ""rigol.1.low_level"": -0.001}",{},TRAC1,10001,-43.084497
923,2026-09-03T08:00:54.396962+00:00,ok,"{""keithley.B.current"": 0.15, ""rigol.1.frequency"": 7046464.64646, ""rigol.1.high_level"": 0.001, ""rigol.1.low_level"": -0.001}",{},TRAC1,10001,-43.023667
924,2026-09-03T08:00:54.482917+00:00,ok,"{""keithley.B.current"": 0.15, ""rigol.1.frequency"": 7348484.84849, ""rigol.1.high_level"": 0.001, ""rigol.1.low_level"": -0.001}",{},TRAC1,10001,-43.054737
925,2026-09-03T08:00:54.580299+00:00,ok,"{""keithley.B.current"": 0.15, ""rigol.1.frequency"": 7650505.05051, ""rigol.1.high_level"": 0.001, ""rigol.1.low_level"": -0.001}",{},TRAC1,10001,-43.025028
926,2026-09-03T08:00:54.696762+00:00,ok,"{""keithley.B.current"": 0.15, ""rigol.1.frequency"": 7952525.25252, ""rigol.1.high_level"": 0.001, ""rigol.1.low_level"": -0.001}",{},TRAC1,10001,-42.989183
927,2026-09-03T08:00:54.819932+00:00,ok,"{""keithley.B.current"": 0.15, ""rigol.1.frequency"": 8254545.45454, ""rigol.1.high_level"": 0.001, ""rigol.1.low_level"": -0.001}",{},TRAC1,10001,-43.008268
928,2026-09-03T08:00:54.927787+00:00,ok,"{""keithley.B.current"": 0.15, ""rigol.1.frequency"": 8556565.65657, ""rigol.1.high_level"": 0.001, ""rigol.1.low_level"": -0.001}",{},TRAC1,10001,-42.969966
929,2026-09-03T08:00:55.056297+00:00,ok,"{""keithley.B.current"": 0.15, ""rigol.1.frequency"": 8858585.85859, ""rigol.1.high_level"": 0.001, ""rigol.1.low_level"": -0.001}",{},TRAC1,10001,-42.95307100000001
930,2026-09-03T08:00:55.171379+00:00,ok,"{""keithley.B.current"": 0.15, ""rigol.1.frequency"": 9160606.06061, ""rigol.1.high_level"": 0.001, ""rigol.1.low_level"": -0.001}",{},TRAC1,10001,-42.92379699999999
931,2026-09-03T08:00:55.291672+00:00,ok,"{""keithley.B.current"": 0.15, ""rigol.1.frequency"": 9462626.26263, ""rigol.1.high_level"": 0.001, ""rigol.1.low_level"": -0.001}",{},TRAC1,10001,-42.996874
932,2026-09-03T08:00:55.388071+00:00,ok,"{""keithley.B.current"": 0.15, ""rigol.1.frequency"": 9764646.46465, ""rigol.1.high_level"": 0.001, ""rigol.1.low_level"": -0.001}",{},TRAC1,10001,-42.92001
933,2026-09-03T08:00:55.506628+00:00,ok,"{""keithley.B.current"": 0.15, ""rigol.1.frequency"": 10066666.6667, ""rigol.1.high_level"": 0.001, ""rigol.1.low_level"": -0.001}",{},TRAC1,10001,-42.919297
934,2026-09-03T08:00:55.589308+00:00,ok,"{""keithley.B.current"": 0.15, ""rigol.1.frequency"": 10368686.8687, ""rigol.1.high_level"": 0.001, ""rigol.1.low_level"": -0.001}",{},TRAC1,10001,-42.884065
935,2026-09-03T08:00:55.700673+00:00,ok,"{""keithley.B.current"": 0.15, ""rigol.1.frequency"": 10670707.0707, ""rigol.1.high_level"": 0.001, ""rigol.1.low_level"": -0.001}",{},TRAC1,10001,-42.948101
936,2026-09-03T08:00:55.823654+00:00,ok,"{""keithley.B.current"": 0.15, ""rigol.1.frequency"": 10972727.2727, ""rigol.1.high_level"": 0.001, ""rigol.1.low_level"": -0.001}",{},TRAC1,10001,-42.880659
937,2026-09-03T08:00:55.949756+00:00,ok,"{""keithley.B.current"": 0.15, ""rigol.1.frequency"": 11274747.4747, ""rigol.1.high_level"": 0.001, ""rigol.1.low_level"": -0.001}",{},TRAC1,10001,-42.866439
938,2026-09-03T08:00:56.051981+00:00,ok,"{""keithley.B.current"": 0.15, ""rigol.1.frequency"": 11576767.6768, ""rigol.1.high_level"": 0.001, ""rigol.1.low_level"": -0.001}",{},TRAC1,10001,-42.862532
939,2026-09-03T08:00:56.178184+00:00,ok,"{""keithley.B.current"": 0.15, ""rigol.1.frequency"": 11878787.8788, ""rigol.1.high_level"": 0.001, ""rigol.1.low_level"": -0.001}",{},TRAC1,10001,-42.857357
940,2026-09-03T08:00:56.290396+00:00,ok,"{""keithley.B.current"": 0.15, ""rigol.1.frequency"": 12180808.0808, ""rigol.1.high_level"": 0.001, ""rigol.1.low_level"": -0.001}",{},TRAC1,10001,-42.876893
941,2026-09-03T08:00:56.433346+00:00,ok,"{""keithley.B.current"": 0.15, ""rigol.1.frequency"": 12482828.2828, ""rigol.1.high_level"": 0.001, ""rigol.1.low_level"": -0.001}",{},TRAC1,10001,-42.85258300000001
942,2026-09-03T08:00:56.530144+00:00,ok,"{""keithley.B.current"": 0.15, ""rigol.1.frequency"": 12784848.4848, ""rigol.1.high_level"": 0.001, ""rigol.1.low_level"": -0.001}",{},TRAC1,10001,-42.90378
943,2026-09-03T08:00:56.651287+00:00,ok,"{""keithley.B.current"": 0.15, ""rigol.1.frequency"": 13086868.6869, ""rigol.1.high_level"": 0.001, ""rigol.1.low_level"": -0.001}",{},TRAC1,10001,-42.877168
944,2026-09-03T08:00:56.747440+00:00,ok,"{""keithley.B.current"": 0.15, ""rigol.1.frequency"": 13388888.8889, ""rigol.1.high_level"": 0.001, ""rigol.1.low_level"": -0.001}",{},TRAC1,10001,-42.909548
945,2026-09-03T08:00:56.889037+00:00,ok,"{""keithley.B.current"": 0.15, ""rigol.1.frequency"": 13690909.0909, ""rigol.1.high_level"": 0.001, ""rigol.1.low_level"": -0.001}",{},TRAC1,10001,-42.887244
946,2026-09-03T08:00:56.980295+00:00,ok,"{""keithley.B.current"": 0.15, ""rigol.1.frequency"": 13992929.2929, ""rigol.1.high_level"": 0.001, ""rigol.1.low_level"": -0.001}",{},TRAC1,10001,-42.976455
947,2026-09-03T08:00:57.114924+00:00,ok,"{""keithley.B.current"": 0.15, ""rigol.1.frequency"": 14294949.4949, ""rigol.1.high_level"": 0.001, ""rigol.1.low_level"": -0.001}",{},TRAC1,10001,-42.927943
948,2026-09-03T08:00:57.220433+00:00,ok,"{""keithley.B.current"": 0.15, ""rigol.1.frequency"": 14596969.697, ""rigol.1.high_level"": 0.001, ""rigol.1.low_level"": -0.001}",{},TRAC1,10001,-42.915338
949,2026-09-03T08:00:57.342612+00:00,ok,"{""keithley.B.current"": 0.15, ""rigol.1.frequency"": 14898989.899, ""rigol.1.high_level"": 0.001, ""rigol.1.low_level"": -0.001}",{},TRAC1,10001,-42.948267
950,2026-09-03T08:00:57.440719+00:00,ok,"{""keithley.B.current"": 0.15, ""rigol.1.frequency"": 15201010.101, ""rigol.1.high_level"": 0.001, ""rigol.1.low_level"": -0.001}",{},TRAC1,10001,-42.989639
951,2026-09-03T08:00:57.560629+00:00,ok,"{""keithley.B.current"": 0.15, ""rigol.1.frequency"": 15503030.303, ""rigol.1.high_level"": 0.001, ""rigol.1.low_level"": -0.001}",{},TRAC1,10001,-42.970962
952,2026-09-03T08:00:57.646880+00:00,ok,"{""keithley.B.current"": 0.15, ""rigol.1.frequency"": 15805050.5051, ""rigol.1.high_level"": 0.001, ""rigol.1.low_level"": -0.001}",{},TRAC1,10001,-43.049225
953,2026-09-03T08:00:57.779546+00:00,ok,"{""keithley.B.current"": 0.15, ""rigol.1.frequency"": 16107070.7071, ""rigol.1.high_level"": 0.001, ""rigol.1.low_level"": -0.001}",{},TRAC1,10001,-42.993281999999994
954,2026-09-03T08:00:57.862831+00:00,ok,"{""keithley.B.current"": 0.15, ""rigol.1.frequency"": 16409090.9091, ""rigol.1.high_level"": 0.001, ""rigol.1.low_level"": -0.001}",{},TRAC1,10001,-42.999136
955,2026-09-03T08:00:57.942727+00:00,ok,"{""keithley.B.current"": 0.15, ""rigol.1.frequency"": 16711111.1111, ""rigol.1.high_level"": 0.001, ""rigol.1.low_level"": -0.001}",{},TRAC1,10001,-43.049361
956,2026-09-03T08:00:58.065545+00:00,ok,"{""keithley.B.current"": 0.15, ""rigol.1.frequency"": 17013131.3131, ""rigol.1.high_level"": 0.001, ""rigol.1.low_level"": -0.001}",{},TRAC1,10001,-43.044411
957,2026-09-03T08:00:58.172118+00:00,ok,"{""keithley.B.current"": 0.15, ""rigol.1.frequency"": 17315151.5152, ""rigol.1.high_level"": 0.001, ""rigol.1.low_level"": -0.001}",{},TRAC1,10001,-43.064438
958,2026-09-03T08:00:58.290545+00:00,ok,"{""keithley.B.current"": 0.15, ""rigol.1.frequency"": 17617171.7172, ""rigol.1.high_level"": 0.001, ""rigol.1.low_level"": -0.001}",{},TRAC1,10001,-43.121097
959,2026-09-03T08:00:58.378323+00:00,ok,"{""keithley.B.current"": 0.15, ""rigol.1.frequency"": 17919191.9192, ""rigol.1.high_level"": 0.001, ""rigol.1.low_level"": -0.001}",{},TRAC1,10001,-43.132601
960,2026-09-03T08:00:58.489907+00:00,ok,"{""keithley.B.current"": 0.15, ""rigol.1.frequency"": 18221212.1212, ""rigol.1.high_level"": 0.001, ""rigol.1.low_level"": -0.001}",{},TRAC1,10001,-43.12798
961,2026-09-03T08:00:58.590160+00:00,ok,"{""keithley.B.current"": 0.15, ""rigol.1.frequency"": 18523232.3232, ""rigol.1.high_level"": 0.001, ""rigol.1.low_level"": -0.001}",{},TRAC1,10001,-43.203373
962,2026-09-03T08:00:58.675217+00:00,ok,"{""keithley.B.current"": 0.15, ""rigol.1.frequency"": 18825252.5253, ""rigol.1.high_level"": 0.001, ""rigol.1.low_level"": -0.001}",{},TRAC1,10001,-43.139236
963,2026-09-03T08:00:58.792441+00:00,ok,"{""keithley.B.current"": 0.15, ""rigol.1.frequency"": 19127272.7273, ""rigol.1.high_level"": 0.001, ""rigol.1.low_level"": -0.001}",{},TRAC1,10001,-43.117182
964,2026-09-03T08:00:58.893889+00:00,ok,"{""keithley.B.current"": 0.15, ""rigol.1.frequency"": 19429292.9293, ""rigol.1.high_level"": 0.001, ""rigol.1.low_level"": -0.001}",{},TRAC1,10001,-43.090544
965,2026-09-03T08:00:59.012402+00:00,ok,"{""keithley.B.current"": 0.15, ""rigol.1.frequency"": 19731313.1313, ""rigol.1.high_level"": 0.001, ""rigol.1.low_level"": -0.001}",{},TRAC1,10001,-43.081958
966,2026-09-03T08:00:59.166280+00:00,ok,"{""keithley.B.current"": 0.15, ""rigol.1.frequency"": 20033333.3333, ""rigol.1.high_level"": 0.001, ""rigol.1.low_level"": -0.001}",{},TRAC1,10001,-43.042924
967,2026-09-03T08:00:59.251739+00:00,ok,"{""keithley.B.current"": 0.15, ""rigol.1.frequency"": 20335353.5354, ""rigol.1.high_level"": 0.001, ""rigol.1.low_level"": -0.001}",{},TRAC1,10001,-43.062138000000004
968,2026-09-03T08:00:59.338111+00:00,ok,"{""keithley.B.current"": 0.15, ""rigol.1.frequency"": 20637373.7374, ""rigol.1.high_level"": 0.001, ""rigol.1.low_level"": -0.001}",{},TRAC1,10001,-43.01010599999999
969,2026-09-03T08:00:59.472005+00:00,ok,"{""keithley.B.current"": 0.15, ""rigol.1.frequency"": 20939393.9394, ""rigol.1.high_level"": 0.001, ""rigol.1.low_level"": -0.001}",{},TRAC1,10001,-43.020645
970,2026-09-03T08:00:59.595263+00:00,ok,"{""keithley.B.current"": 0.15, ""rigol.1.frequency"": 21241414.1414, ""rigol.1.high_level"": 0.001, ""rigol.1.low_level"": -0.001}",{},TRAC1,10001,-43.011105
971,2026-09-03T08:00:59.691478+00:00,ok,"{""keithley.B.current"": 0.15, ""rigol.1.frequency"": 21543434.3434, ""rigol.1.high_level"": 0.001, ""rigol.1.low_level"": -0.001}",{},TRAC1,10001,-42.98765
972,2026-09-03T08:00:59.807082+00:00,ok,"{""keithley.B.current"": 0.15, ""rigol.1.frequency"": 21845454.5455, ""rigol.1.high_level"": 0.001, ""rigol.1.low_level"": -0.001}",{},TRAC1,10001,-42.986629
973,2026-09-03T08:00:59.929749+00:00,ok,"{""keithley.B.current"": 0.15, ""rigol.1.frequency"": 22147474.7475, ""rigol.1.high_level"": 0.001, ""rigol.1.low_level"": -0.001}",{},TRAC1,10001,-42.920665
974,2026-09-03T08:01:00.048956+00:00,ok,"{""keithley.B.current"": 0.15, ""rigol.1.frequency"": 22449494.9495, ""rigol.1.high_level"": 0.001, ""rigol.1.low_level"": -0.001}",{},TRAC1,10001,-42.923485
975,2026-09-03T08:01:00.182355+00:00,ok,"{""keithley.B.current"": 0.15, ""rigol.1.frequency"": 22751515.1515, ""rigol.1.high_level"": 0.001, ""rigol.1.low_level"": -0.001}",{},TRAC1,10001,-42.909924
976,2026-09-03T08:01:00.363271+00:00,ok,"{""keithley.B.current"": 0.15, ""rigol.1.frequency"": 23053535.3535, ""rigol.1.high_level"": 0.001, ""rigol.1.low_level"": -0.001}",{},TRAC1,10001,-42.90185
977,2026-09-03T08:01:00.464828+00:00,ok,"{""keithley.B.current"": 0.15, ""rigol.1.frequency"": 23355555.5556, ""rigol.1.high_level"": 0.001, ""rigol.1.low_level"": -0.001}",{},TRAC1,10001,-42.906257
978,2026-09-03T08:01:00.555973+00:00,ok,"{""keithley.B.current"": 0.15, ""rigol.1.frequency"": 23657575.7576, ""rigol.1.high_level"": 0.001, ""rigol.1.low_level"": -0.001}",{},TRAC1,10001,-42.878022
979,2026-09-03T08:01:00.716941+00:00,ok,"{""keithley.B.current"": 0.15, ""rigol.1.frequency"": 23959595.9596, ""rigol.1.high_level"": 0.001, ""rigol.1.low_level"": -0.001}",{},TRAC1,10001,-42.921744
980,2026-09-03T08:01:00.800178+00:00,ok,"{""keithley.B.current"": 0.15, ""rigol.1.frequency"": 24261616.1616, ""rigol.1.high_level"": 0.001, ""rigol.1.low_level"": -0.001}",{},TRAC1,10001,-42.8708
981,2026-09-03T08:01:00.927272+00:00,ok,"{""keithley.B.current"": 0.15, ""rigol.1.frequency"": 24563636.3636, ""rigol.1.high_level"": 0.001, ""rigol.1.low_level"": -0.001}",{},TRAC1,10001,-42.864126
982,2026-09-03T08:01:01.063934+00:00,ok,"{""keithley.B.current"": 0.15, ""rigol.1.frequency"": 24865656.5657, ""rigol.1.high_level"": 0.001, ""rigol.1.low_level"": -0.001}",{},TRAC1,10001,-42.885496
983,2026-09-03T08:01:01.180163+00:00,ok,"{""keithley.B.current"": 0.15, ""rigol.1.frequency"": 25167676.7677, ""rigol.1.high_level"": 0.001, ""rigol.1.low_level"": -0.001}",{},TRAC1,10001,-42.92759099999999
984,2026-09-03T08:01:01.313588+00:00,ok,"{""keithley.B.current"": 0.15, ""rigol.1.frequency"": 25469696.9697, ""rigol.1.high_level"": 0.001, ""rigol.1.low_level"": -0.001}",{},TRAC1,10001,-42.89078
985,2026-09-03T08:01:01.419507+00:00,ok,"{""keithley.B.current"": 0.15, ""rigol.1.frequency"": 25771717.1717, ""rigol.1.high_level"": 0.001, ""rigol.1.low_level"": -0.001}",{},TRAC1,10001,-42.880489
986,2026-09-03T08:01:01.540921+00:00,ok,"{""keithley.B.current"": 0.15, ""rigol.1.frequency"": 26073737.3737, ""rigol.1.high_level"": 0.001, ""rigol.1.low_level"": -0.001}",{},TRAC1,10001,-42.901517
987,2026-09-03T08:01:01.641624+00:00,ok,"{""keithley.B.current"": 0.15, ""rigol.1.frequency"": 26375757.5758, ""rigol.1.high_level"": 0.001, ""rigol.1.low_level"": -0.001}",{},TRAC1,10001,-42.8687
988,2026-09-03T08:01:01.758035+00:00,ok,"{""keithley.B.current"": 0.15, ""rigol.1.frequency"": 26677777.7778, ""rigol.1.high_level"": 0.001, ""rigol.1.low_level"": -0.001}",{},TRAC1,10001,-42.890997
989,2026-09-03T08:01:01.878694+00:00,ok,"{""keithley.B.current"": 0.15, ""rigol.1.frequency"": 26979797.9798, ""rigol.1.high_level"": 0.001, ""rigol.1.low_level"": -0.001}",{},TRAC1,10001,-42.92087000000001
990,2026-09-03T08:01:01.988435+00:00,ok,"{""keithley.B.current"": 0.15, ""rigol.1.frequency"": 27281818.1818, ""rigol.1.high_level"": 0.001, ""rigol.1.low_level"": -0.001}",{},TRAC1,10001,-42.914821
991,2026-09-03T08:01:02.099637+00:00,ok,"{""keithley.B.current"": 0.15, ""rigol.1.frequency"": 27583838.3838, ""rigol.1.high_level"": 0.001, ""rigol.1.low_level"": -0.001}",{},TRAC1,10001,-42.939432
992,2026-09-03T08:01:02.187192+00:00,ok,"{""keithley.B.current"": 0.15, ""rigol.1.frequency"": 27885858.5859, ""rigol.1.high_level"": 0.001, ""rigol.1.low_level"": -0.001}",{},TRAC1,10001,-42.948532
993,2026-09-03T08:01:02.305092+00:00,ok,"{""keithley.B.current"": 0.15, ""rigol.1.frequency"": 28187878.7879, ""rigol.1.high_level"": 0.001, ""rigol.1.low_level"": -0.001}",{},TRAC1,10001,-42.963736
994,2026-09-03T08:01:02.407133+00:00,ok,"{""keithley.B.current"": 0.15, ""rigol.1.frequency"": 28489898.9899, ""rigol.1.high_level"": 0.001, ""rigol.1.low_level"": -0.001}",{},TRAC1,10001,-42.934748
995,2026-09-03T08:01:02.524268+00:00,ok,"{""keithley.B.current"": 0.15, ""rigol.1.frequency"": 28791919.1919, ""rigol.1.high_level"": 0.001, ""rigol.1.low_level"": -0.001}",{},TRAC1,10001,-42.983356
996,2026-09-03T08:01:02.631379+00:00,ok,"{""keithley.B.current"": 0.15, ""rigol.1.frequency"": 29093939.3939, ""rigol.1.high_level"": 0.001, ""rigol.1.low_level"": -0.001}",{},TRAC1,10001,-42.984604
997,2026-09-03T08:01:02.747902+00:00,ok,"{""keithley.B.current"": 0.15, ""rigol.1.frequency"": 29395959.596, ""rigol.1.high_level"": 0.001, ""rigol.1.low_level"": -0.001}",{},TRAC1,10001,-42.990762000000004
998,2026-09-03T08:01:02.898018+00:00,ok,"{""keithley.B.current"": 0.15, ""rigol.1.frequency"": 29697979.798, ""rigol.1.high_level"": 0.001, ""rigol.1.low_level"": -0.001}",{},TRAC1,10001,-43.008043
999,2026-09-03T08:01:02.991206+00:00,ok,"{""keithley.B.current"": 0.15, ""rigol.1.frequency"": 30000000.0, ""rigol.1.high_level"": 0.001, ""rigol.1.low_level"": -0.001}",{},TRAC1,10001,-43.085363
